Title,Year,imdbRating,Runtime,Genre
Avatar,2009,7.9,162 min,"Action, Adventure, Fantasy"
Avengers: Endgame,2019,8.4,181 min,"Action, Adventure, Sci-Fi"
Avatar: The Way of Water,2022,7.5,192 min,"Action, Adventure, Fantasy"
Titanic,1997,7.9,194 min,"Drama, Romance"
Ne Zha 2,2025,8.0,144 min,"Animation, Action, Adventure"
Star Wars: Episode VII - The Force Awakens,2015,7.7,138 min,"Action, Adventure, Sci-Fi"
Avengers: Infinity War,2018,8.4,149 min,"Action, Adventure, Sci-Fi"
Spider-Man: No Way Home,2021,8.2,148 min,"Action, Adventure, Fantasy"
Inside Out 2,2024,7.5,96 min,"Animation, Adventure, Comedy"
Jurassic World,2015,6.9,124 min,"Action, Adventure, Sci-Fi"
The Lion King,2019,6.8,118 min,"Animation, Adventure, Drama"
The Avengers,2012,8.0,143 min,"Action, Sci-Fi"
Furious 7,2015,7.1,137 min,"Action, Thriller"
Top Gun: Maverick,2022,8.2,130 min,"Action, Drama"
Frozen II,2019,6.8,103 min,"Animation, Adventure, Comedy"
Barbie,2023,6.8,114 min,"Adventure, Comedy, Fantasy"
Avengers: Age of Ultron,2015,7.3,141 min,"Action, Adventure, Sci-Fi"
The Super Mario Bros. Movie,2023,7.0,92 min,"Animation, Adventure, Comedy"
Black Panther,2018,7.3,134 min,"Action, Adventure, Sci-Fi"
Harry Potter and the Deathly Hallows: Part 2,2011,8.1,130 min,"Adventure, Family, Fantasy"
Deadpool & Wolverine,2024,7.5,128 min,"Action, Adventure, Comedy"
Star Wars: Episode VIII - The Last Jedi,2017,6.8,152 min,"Action, Adventure, Fantasy"
Jurassic World: Fallen Kingdom,2018,6.1,128 min,"Action, Adventure, Sci-Fi"
Frozen,2013,7.4,102 min,"Animation, Adventure, Comedy"
Beauty and the Beast,2017,7.1,129 min,"Adventure, Family, Fantasy"
Incredibles 2,2018,7.5,118 min,"Animation, Action, Adventure"
The Fate of the Furious,2017,6.6,136 min,"Action, Crime, Thriller"
Iron Man 3,2013,7.1,130 min,"Action, Adventure, Sci-Fi"
Minions,2015,6.4,91 min,"Animation, Adventure, Comedy"
Captain America: Civil War,2016,7.8,147 min,"Action, Sci-Fi"
Aquaman,2018,6.8,143 min,"Action, Adventure, Fantasy"
The Lord of the Rings: The Return of the King,2003,9.0,201 min,"Adventure, Drama, Fantasy"
Spider-Man: Far from Home,2019,7.4,129 min,"Action, Adventure, Comedy"
Captain Marvel,2019,6.7,123 min,"Action, Adventure, Sci-Fi"
Transformers: Dark of the Moon,2011,6.2,154 min,"Action, Adventure, Comedy"
The Dark Knight Rises,2012,8.4,164 min,"Action, Crime, Drama"
Skyfall,2012,7.8,143 min,"Action, Adventure, Thriller"
Transformers: Age of Extinction,2014,5.6,165 min,"Action, Adventure, Comedy"
Jurassic Park,1993,8.2,127 min,"Action, Adventure, Sci-Fi"
Joker,2019,8.3,122 min,"Crime, Drama, Thriller"
Star Wars: Episode IX - The Rise of Skywalker,2019,6.4,141 min,"Action, Adventure, Fantasy"
Toy Story 4,2019,7.6,100 min,"Animation, Adventure, Comedy"
Toy Story 3,2010,8.3,103 min,"Animation, Adventure, Comedy"
Pirates of the Caribbean: Dead Man's Chest,2006,7.4,151 min,"Action, Adventure, Fantasy"
Moana 2,2024,6.5,100 min,"Animation, Adventure, Comedy"
Rogue One: A Star Wars Story,2016,7.8,133 min,"Action, Adventure, Sci-Fi"
Aladdin,2019,6.9,128 min,"Adventure, Comedy, Family"
Pirates of the Caribbean: On Stranger Tides,2011,6.6,136 min,"Action, Adventure, Fantasy"
Star Wars: Episode I - The Phantom Menace,1999,6.5,136 min,"Action, Adventure, Fantasy"
Lilo & Stitch,2025,6.7,108 min,"Action, Adventure, Comedy"
Despicable Me 3,2017,6.3,89 min,"Animation, Adventure, Comedy"
Finding Dory,2016,7.2,97 min,"Animation, Adventure, Comedy"
Harry Potter and the Sorcerer's Stone,2001,7.7,152 min,"Adventure, Family, Fantasy"
Zootopia,2016,8.0,108 min,"Animation, Action, Adventure"
Alice in Wonderland,2010,6.4,108 min,"Adventure, Family, Fantasy"
The Hobbit: An Unexpected Journey,2012,7.8,169 min,"Adventure, Fantasy"
The Dark Knight,2008,9.1,152 min,"Action, Crime, Drama"
Jurassic World: Dominion,2022,5.6,147 min,"Action, Adventure, Sci-Fi"
The Lion King,1994,8.5,88 min,"Animation, Adventure, Drama"
Oppenheimer,2023,8.3,180 min,"Biography, Drama, History"
Despicable Me 4,2024,6.2,94 min,"Animation, Adventure, Comedy"
Despicable Me 2,2013,7.3,98 min,"Animation, Adventure, Comedy"
The Jungle Book,2016,7.3,106 min,"Animation, Action, Adventure"
The Hobbit: The Battle of the Five Armies,2014,7.4,144 min,"Adventure, Fantasy"
Jumanji: Welcome to the Jungle,2017,7.0,119 min,"Action, Adventure, Comedy"
Pirates of the Caribbean: At World's End,2007,7.1,169 min,"Action, Adventure, Fantasy"
Harry Potter and the Deathly Hallows: Part 1,2010,7.7,146 min,"Adventure, Family, Fantasy"
The Hobbit: The Desolation of Smaug,2013,7.8,161 min,"Adventure, Fantasy"
A Minecraft Movie,2025,5.6,101 min,"Action, Adventure, Comedy"
Doctor Strange in the Multiverse of Madness,2022,6.9,126 min,"Action, Adventure, Fantasy"
Harry Potter and the Order of the Phoenix,2007,7.5,138 min,"Action, Adventure, Family"
Finding Nemo,2003,8.2,100 min,"Animation, Adventure, Comedy"
Harry Potter and the Half-Blood Prince,2009,7.6,153 min,"Action, Adventure, Family"
Minions: The Rise of Gru,2022,6.5,87 min,"Animation, Adventure, Comedy"
The Lord of the Rings: The Two Towers,2002,8.8,179 min,"Adventure, Drama, Fantasy"
Shrek 2,2004,7.4,93 min,"Animation, Adventure, Comedy"
Bohemian Rhapsody,2018,7.9,134 min,"Biography, Drama, Music"
Star Wars: Episode III - Revenge of the Sith,2005,7.6,140 min,"Action, Adventure, Fantasy"
The Battle at Lake Changjin,2021,5.5,176 min,"Action, Drama, History"
Harry Potter and the Goblet of Fire,2005,7.7,157 min,"Adventure, Family, Fantasy"
Spider-Man 3,2007,6.3,139 min,"Action, Adventure, Sci-Fi"
The Lord of the Rings: The Fellowship of the Ring,2001,8.9,178 min,"Adventure, Drama, Fantasy"
Jurassic World: Rebirth,2025,5.9,133 min,"Action, Adventure, Sci-Fi"
Ice Age: Dawn of the Dinosaurs,2009,6.9,94 min,"Animation, Adventure, Comedy"
Harry Potter and the Chamber of Secrets,2002,7.5,161 min,"Adventure, Family, Fantasy"
Spider-Man: Homecoming,2017,7.4,133 min,"Action, Adventure, Sci-Fi"
Spectre,2015,6.8,148 min,"Action, Adventure, Thriller"
Ice Age: Continental Drift,2012,6.5,88 min,"Animation, Adventure, Comedy"
The Secret Life of Pets,2016,6.5,86 min,"Animation, Adventure, Comedy"
Batman v Superman: Dawn of Justice,2016,6.4,151 min,"Action, Adventure, Sci-Fi"
Wolf Warrior 2,2017,5.9,123 min,"Action, Adventure, Drama"
The Hunger Games: Catching Fire,2013,7.5,146 min,"Action, Adventure, Sci-Fi"
Guardians of the Galaxy Vol. 2,2017,7.6,136 min,"Action, Adventure, Comedy"
Black Panther: Wakanda Forever,2022,6.6,161 min,"Action, Adventure, Drama"
Inside Out,2015,8.1,95 min,"Animation, Adventure, Comedy"
Venom,2018,6.6,112 min,"Action, Adventure, Sci-Fi"
Thor: Ragnarok,2017,7.9,130 min,"Action, Adventure, Comedy"
The Twilight Saga: Breaking Dawn - Part 2,2012,5.6,115 min,"Adventure, Drama, Fantasy"
Guardians of the Galaxy Vol. 3,2023,7.9,150 min,"Action, Adventure, Comedy"
Inception,2010,8.8,148 min,"Action, Adventure, Sci-Fi"
Transformers: Revenge of the Fallen,2009,6.0,149 min,"Action, Adventure, Sci-Fi"
Spider-Man,2002,7.4,121 min,"Action, Adventure, Sci-Fi"
Mission: Impossible - Fallout,2018,7.7,147 min,"Action, Adventure, Thriller"
Wonder Woman,2017,7.3,141 min,"Action, Adventure, Fantasy"
"Hi, Mom",2021,6.9,128 min,"Comedy, Drama, Fantasy"
Independence Day,1996,7.0,145 min,"Action, Adventure, Sci-Fi"
Fantastic Beasts and Where to Find Them,2016,7.2,132 min,"Adventure, Family, Fantasy"
Coco,2017,8.4,105 min,"Animation, Adventure, Drama"
Harry Potter and the Prisoner of Azkaban,2004,7.9,142 min,"Adventure, Family, Fantasy"
Shrek the Third,2007,6.1,93 min,"Animation, Adventure, Comedy"
Jumanji: The Next Level,2019,6.6,123 min,"Action, Adventure, Comedy"
The Da Vinci Code,2006,6.6,149 min,"Mystery, Thriller"
E.T. the Extra-Terrestrial,1982,7.9,115 min,"Adventure, Family, Sci-Fi"
Pirates of the Caribbean: Dead Men Tell No Tales,2017,6.5,129 min,"Action, Adventure, Fantasy"
2012,2009,5.8,158 min,"Action, Adventure, Sci-Fi"
Fast & Furious 6,2013,7.0,130 min,"Action, Thriller"
Indiana Jones and the Kingdom of the Crystal Skull,2008,6.2,122 min,"Action, Adventure"
Deadpool 2,2018,7.6,119 min,"Action, Adventure, Comedy"
Spider-Man 2,2004,7.5,127 min,"Action, Adventure, Sci-Fi"
Deadpool,2016,8.0,108 min,"Action, Comedy, Sci-Fi"
Star Wars: Episode IV - A New Hope,1977,8.6,121 min,"Action, Adventure, Fantasy"
No Time to Die,2021,7.3,163 min,"Action, Adventure, Thriller"
Guardians of the Galaxy,2014,8.0,121 min,"Action, Adventure, Comedy"
The Batman,2022,7.8,176 min,"Action, Crime, Drama"
Thor: Love and Thunder,2022,6.1,118 min,"Action, Adventure, Comedy"
Fast & Furious Presents: Hobbs & Shaw,2019,6.4,137 min,"Action, Adventure, Thriller"
Maleficent,2014,6.9,97 min,"Adventure, Drama, Family"
Interstellar,2014,8.7,169 min,"Adventure, Drama, Sci-Fi"
The Hunger Games: Mockingjay - Part 1,2014,6.6,123 min,"Action, Adventure, Sci-Fi"
The Amazing Spider-Man,2012,6.9,136 min,"Action, Sci-Fi"
Wicked,2024,7.4,160 min,"Fantasy, Musical, Romance"
Shrek Forever After,2010,6.3,93 min,"Animation, Adventure, Comedy"
Suicide Squad,2016,5.9,123 min,"Action, Adventure, Fantasy"
Madagascar 3: Europe's Most Wanted,2012,6.8,93 min,"Animation, Adventure, Comedy"
X-Men: Days of Future Past,2014,7.9,132 min,"Action, Adventure, Sci-Fi"
"The Chronicles of Narnia: The Lion, the Witch and the Wardrobe",2005,6.9,143 min,"Adventure, Family, Fantasy"
Monsters University,2013,7.2,104 min,"Animation, Adventure, Comedy"
The Matrix Reloaded,2003,7.2,138 min,"Action, Sci-Fi"
Up,2009,8.3,96 min,"Animation, Adventure, Comedy"
F9: The Fast Saga,2021,5.2,143 min,"Action, Crime, Thriller"
Ne Zha,2019,7.3,110 min,"Animation, Action, Adventure"
Gravity,2013,7.7,91 min,"Drama, Sci-Fi, Thriller"
Mufasa: The Lion King,2024,6.6,118 min,"Animation, Adventure, Drama"
The Amazing Spider-Man 2,2014,6.6,142 min,"Action, Adventure, Sci-Fi"
Dune: Part Two,2024,8.5,166 min,"Action, Adventure, Drama"
Captain America: The Winter Soldier,2014,7.7,136 min,"Action, Adventure, Sci-Fi"
The Twilight Saga: Breaking Dawn - Part 1,2011,4.9,117 min,"Adventure, Drama, Fantasy"
The Twilight Saga: New Moon,2009,4.8,130 min,"Adventure, Drama, Fantasy"
Mission: Impossible - Rogue Nation,2015,7.4,131 min,"Action, Adventure, Thriller"
Dawn of the Planet of the Apes,2014,7.6,130 min,"Action, Adventure, Drama"
Transformers,2007,7.1,144 min,"Action, Adventure, Sci-Fi"
Mamma Mia!,2008,6.5,108 min,"Comedy, Musical, Romance"
Fast X,2023,5.7,141 min,"Action, Adventure, Crime"
It,2017,7.3,135 min,Horror
The Wandering Earth,2019,5.9,125 min,"Action, Adventure, Sci-Fi"
The Twilight Saga: Eclipse,2010,5.1,124 min,"Action, Adventure, Drama"
The Hunger Games,2012,7.2,142 min,"Action, Adventure, Sci-Fi"
Mission: Impossible - Ghost Protocol,2011,7.4,132 min,"Action, Adventure, Thriller"
Spider-Man: Across the Spider-Verse,2023,8.5,140 min,"Animation, Action, Adventure"
Detective Chinatown 3,2021,5.6,136 min,"Action, Adventure, Comedy"
Forrest Gump,1994,8.8,142 min,"Drama, Romance"
Doctor Strange,2016,7.5,115 min,"Action, Adventure, Fantasy"
The Sixth Sense,1999,8.2,107 min,"Drama, Mystery, Thriller"
Full River Red,2023,6.4,159 min,"Comedy, Drama, History"
Man of Steel,2013,7.1,143 min,"Action, Adventure, Sci-Fi"
Kung Fu Panda 2,2011,7.3,90 min,"Animation, Action, Adventure"
The Hunger Games: Mockingjay - Part 2,2015,6.6,137 min,"Action, Adventure, Sci-Fi"
Justice League,2017,6.0,120 min,"Action, Adventure, Fantasy"
Demon Slayer: Kimetsu no Yaiba- The Movie - Infinity Castle,2025,8.5,155 min,"Animation, Action, Adventure"
Big Hero 6,2014,7.8,102 min,"Animation, Action, Adventure"
Fantastic Beasts: The Crimes of Grindelwald,2018,6.5,134 min,"Adventure, Family, Fantasy"
Pirates of the Caribbean: The Curse of the Black Pearl,2003,8.1,143 min,"Action, Adventure, Fantasy"
Men in Black³,2012,6.8,106 min,"Action, Adventure, Comedy"
Star Wars: Episode II - Attack of the Clones,2002,6.6,142 min,"Action, Adventure, Fantasy"
Thor: The Dark World,2013,6.7,112 min,"Action, Adventure, Fantasy"
Moana,2016,7.6,107 min,"Animation, Adventure, Comedy"
How to Train Your Dragon,2025,7.8,125 min,"Action, Adventure, Comedy"
Wonka,2023,6.9,116 min,"Adventure, Comedy, Family"
Sing,2016,7.1,108 min,"Animation, Comedy, Family"
Kung Fu Panda,2008,7.6,92 min,"Animation, Action, Adventure"
The Incredibles,2004,8.0,115 min,"Animation, Action, Adventure"
The Martian,2015,8.0,144 min,"Adventure, Drama, Sci-Fi"
Hancock,2008,6.4,92 min,"Action, Comedy, Drama"
F1: The Movie,2025,7.8,155 min,"Action, Drama, Sport"
Water Gate Bridge,2022,5.6,153 min,"Action, Drama, History"
Fast Five,2011,7.3,130 min,"Action, Crime, Thriller"
Iron Man 2,2010,6.9,124 min,"Action, Sci-Fi"
Ratatouille,2007,8.1,111 min,"Animation, Adventure, Comedy"
Ant-Man and the Wasp,2018,7.0,118 min,"Action, Adventure, Comedy"
How to Train Your Dragon 2,2014,7.8,102 min,"Animation, Action, Adventure"
Logan,2017,8.1,137 min,"Action, Drama, Sci-Fi"
The Lost World: Jurassic Park,1997,6.6,129 min,"Action, Adventure, Sci-Fi"
Casino Royale,2006,8.0,144 min,"Action, Adventure, Thriller"
Superman,2025,7.1,129 min,"Action, Adventure, Sci-Fi"
The Wandering Earth II,2023,6.7,173 min,"Action, Adventure, Drama"
The Passion of the Christ,2004,7.3,127 min,Drama
Life of Pi,2012,7.9,127 min,"Adventure, Drama, Fantasy"
Ready Player One,2018,7.4,140 min,"Action, Adventure, Sci-Fi"
Transformers: The Last Knight,2017,5.2,154 min,"Action, Adventure, Comedy"
Madagascar: Escape 2 Africa,2008,6.6,89 min,"Animation, Adventure, Comedy"
War of the Worlds,2005,6.6,117 min,"Action, Adventure, Sci-Fi"
Mission: Impossible - The Final Reckoning,2025,7.3,169 min,"Action, Adventure, Thriller"
Tangled,2010,7.7,100 min,"Animation, Adventure, Comedy"
Quantum of Solace,2008,6.5,106 min,"Action, Adventure, Mystery"
Men in Black,1997,7.3,98 min,"Action, Adventure, Comedy"
The Croods,2013,7.1,98 min,"Animation, Adventure, Comedy"
The Hangover Part II,2011,6.5,102 min,Comedy
Iron Man,2008,7.9,126 min,"Action, Adventure, Sci-Fi"
I Am Legend,2007,7.2,101 min,"Drama, Horror, Sci-Fi"
"Monsters, Inc.",2001,8.1,92 min,"Animation, Adventure, Comedy"
Operation Red Sea,2018,6.6,142 min,"Action, Drama, Thriller"
Night at the Museum,2006,6.5,108 min,"Adventure, Comedy, Family"
Godzilla x Kong: The New Empire,2024,6.0,115 min,"Action, Adventure, Fantasy"
Mission: Impossible - Dead Reckoning Part One,2023,7.6,163 min,"Action, Adventure, Thriller"
Fifty Shades of Grey,2015,4.2,125 min,"Drama, Romance, Thriller"
The Little Mermaid,2023,7.2,135 min,"Adventure, Family, Fantasy"
Kong: Skull Island,2017,6.7,118 min,"Action, Adventure, Fantasy"
The Smurfs,2011,5.4,103 min,"Animation, Adventure, Comedy"
Cars 2,2011,6.2,106 min,"Animation, Adventure, Comedy"
King Kong,2005,7.2,187 min,"Action, Adventure, Romance"
Puss in Boots,2011,6.6,90 min,"Animation, Action, Adventure"
The Mermaid,2016,6.2,94 min,"Comedy, Drama, Fantasy"
Armageddon,1998,6.7,151 min,"Action, Adventure, Sci-Fi"
The Day After Tomorrow,2004,6.5,124 min,"Action, Adventure, Sci-Fi"
Star Wars: Episode V - The Empire Strikes Back,1980,8.7,124 min,"Action, Adventure, Fantasy"
Ted,2012,6.9,106 min,Comedy
Kung Fu Panda 4,2024,6.3,94 min,"Animation, Action, Adventure"
American Sniper,2014,7.3,133 min,"Action, Biography, Drama"
Mission: Impossible II,2000,6.1,123 min,"Action, Adventure, Thriller"
Detective Chinatown 2,2018,6.1,121 min,"Action, Comedy, Mystery"
Despicable Me,2010,7.6,95 min,"Animation, Adventure, Comedy"
X-Men: Apocalypse,2016,6.8,144 min,"Action, Adventure, Sci-Fi"
Sherlock Holmes: A Game of Shadows,2011,7.4,129 min,"Action, Adventure, Mystery"
Cinderella,2015,6.9,105 min,"Adventure, Drama, Family"
Madagascar,2005,6.9,86 min,"Animation, Adventure, Comedy"
Hotel Transylvania 3: Summer Vacation,2018,6.3,97 min,"Animation, Adventure, Comedy"
World War Z,2013,7.0,116 min,"Action, Adventure, Horror"
How to Train Your Dragon: The Hidden World,2019,7.4,104 min,"Animation, Action, Adventure"
The Grinch,2018,6.4,85 min,"Animation, Comedy, Family"
Brave,2012,7.1,93 min,"Animation, Action, Adventure"
The Simpsons Movie,2007,7.3,87 min,"Animation, Adventure, Comedy"
Dunkirk,2017,7.8,106 min,"Action, Drama, History"
The Revenant,2015,8.0,156 min,"Adventure, Drama, Western"
No More Bets,2023,6.8,130 min,"Crime, Drama"
The Meg,2018,5.7,113 min,"Action, Horror, Sci-Fi"
Ralph Breaks the Internet,2018,7.0,112 min,"Animation, Adventure, Comedy"
The Boss Baby,2017,6.3,97 min,"Animation, Adventure, Comedy"
WALL·E,2008,8.4,98 min,"Animation, Adventure, Family"
Godzilla,2014,6.4,123 min,"Action, Adventure, Sci-Fi"
Sherlock Holmes,2009,7.5,128 min,"Action, Adventure, Mystery"
Meet the Fockers,2004,6.4,115 min,"Comedy, Romance"
The Fantastic Four: First Steps,2025,7.0,114 min,"Action, Adventure, Sci-Fi"
Kung Fu Panda 3,2016,7.1,95 min,"Animation, Action, Adventure"
Ant-Man,2015,7.2,117 min,"Action, Comedy, Sci-Fi"
Terminator 2: Judgment Day,1991,8.6,137 min,"Action, Adventure, Sci-Fi"
La La Land,2016,8.0,128 min,"Comedy, Drama, Music"
Venom: Let There Be Carnage,2021,5.9,97 min,"Action, Sci-Fi, Thriller"
Ghost,1990,7.1,126 min,"Drama, Fantasy, Romance"
Aladdin,1992,8.0,90 min,"Animation, Adventure, Comedy"
Rio 2,2014,6.3,101 min,"Animation, Adventure, Comedy"
Troy,2004,7.3,163 min,"Action, Adventure, Drama"
Toy Story 2,1999,7.9,92 min,"Animation, Adventure, Comedy"
Elemental,2023,7.0,101 min,"Animation, Adventure, Comedy"
How to Train Your Dragon,2010,8.1,98 min,"Animation, Action, Adventure"
Twister,1996,6.6,113 min,"Action, Adventure, Thriller"
Oz the Great and Powerful,2013,6.3,130 min,"Adventure, Family, Fantasy"
Clash of the Titans,2010,5.8,106 min,"Action, Adventure, Fantasy"
Sonic the Hedgehog 3,2024,6.9,110 min,"Action, Adventure, Comedy"
Maleficent: Mistress of Evil,2019,6.6,119 min,"Adventure, Drama, Family"
Jaws,1975,8.1,124 min,"Adventure, Horror, Thriller"
War for the Planet of the Apes,2017,7.4,140 min,"Action, Adventure, Drama"
Shrek,2001,7.9,90 min,"Animation, Adventure, Comedy"
Mr. & Mrs. Smith,2005,6.5,120 min,"Action, Comedy, Crime"
Demon Slayer: Kimetsu no Yaiba - The Movie: Mugen Train,2020,8.2,117 min,"Animation, Action, Adventure"
Angels & Demons,2009,6.7,138 min,"Mystery, Thriller"
Teenage Mutant Ninja Turtles,2014,5.8,101 min,"Action, Adventure, Comedy"
Bruce Almighty,2003,6.8,101 min,"Comedy, Fantasy"
Rio,2011,6.9,96 min,"Animation, Adventure, Comedy"
Star Wars: Episode VI - Return of the Jedi,1983,8.3,131 min,"Action, Adventure, Fantasy"
Saving Private Ryan,1998,8.6,169 min,"Drama, War"
The Conjuring: Last Rites,2025,6.3,135 min,"Horror, Mystery, Thriller"
Rise of the Planet of the Apes,2011,7.6,105 min,"Action, Drama, Sci-Fi"
Puss in Boots: The Last Wish,2022,7.8,102 min,"Animation, Action, Adventure"
Venom: The Last Dance,2024,6.0,110 min,"Action, Adventure, Sci-Fi"
Home Alone,1990,7.7,103 min,"Comedy, Family"
Ant-Man and the Wasp: Quantumania,2023,6.0,124 min,"Action, Adventure, Comedy"
Hotel Transylvania 2,2015,6.6,89 min,"Animation, Adventure, Comedy"
Charlie and the Chocolate Factory,2005,6.7,115 min,"Adventure, Comedy, Family"
San Andreas,2015,6.1,114 min,"Action, Adventure, Thriller"
Indiana Jones and the Last Crusade,1989,8.2,127 min,"Action, Adventure"
It: Chapter Two,2019,6.5,169 min,"Drama, Fantasy, Horror"
The Greatest Showman,2017,7.5,105 min,"Biography, Drama, Musical"
Wreck-It Ralph,2012,7.7,101 min,"Animation, Adventure, Comedy"
The Lego Movie,2014,7.7,100 min,"Animation, Action, Adventure"
Godzilla vs. Kong,2021,6.3,113 min,"Action, Sci-Fi, Thriller"
The Hangover,2009,7.7,100 min,Comedy
Lucy,2014,6.4,89 min,"Action, Sci-Fi, Thriller"
Bumblebee,2018,6.7,114 min,"Action, Adventure, Sci-Fi"
The Matrix,1999,8.7,136 min,"Action, Sci-Fi"
Star Trek Into Darkness,2013,7.7,132 min,"Action, Adventure, Sci-Fi"
Gladiator,2000,8.5,155 min,"Action, Adventure, Drama"
Pretty Woman,1990,7.1,119 min,"Comedy, Romance"
Gladiator II,2024,6.5,148 min,"Action, Adventure, Drama"
Cars,2006,7.3,116 min,"Animation, Adventure, Comedy"
The Eight Hundred,2020,6.7,149 min,"Action, Drama, History"
X-Men: The Last Stand,2006,6.6,104 min,"Action, Adventure, Sci-Fi"
Moon Man,2022,6.4,122 min,"Comedy, Sci-Fi"
National Treasure: Book of Secrets,2007,6.5,124 min,"Action, Adventure, Mystery"
Mission: Impossible,1996,7.2,110 min,"Action, Adventure, Thriller"
300,2007,N/A,N/A,N/A
The Last Samurai,2003,7.8,154 min,"Action, Drama"
Beetlejuice Beetlejuice,2024,6.6,105 min,"Comedy, Fantasy, Horror"
Beauty and the Beast,1991,8.0,84 min,"Animation, Family, Fantasy"
Dying to Survive,2018,7.8,117 min,"Comedy, Drama"
Ocean's Eleven,2001,7.7,116 min,"Crime, Thriller"
"My People, My Country",2019,6.3,154 min,"Drama, History"
Pokémon: Detective Pikachu,2019,6.5,104 min,"Adventure, Comedy, Family"
Thor,2011,7.0,115 min,"Action, Fantasy"
Pearl Harbor,2001,6.3,183 min,"Action, Drama, Romance"
Tarzan,1999,7.3,88 min,"Animation, Adventure, Comedy"
John Wick: Chapter 4,2023,7.6,169 min,"Action, Crime, Thriller"
1917,2019,8.2,119 min,"Action, Drama, War"
Men in Black II,2002,6.2,88 min,"Action, Adventure, Comedy"
The Mummy Returns,2001,6.4,130 min,"Action, Adventure, Fantasy"
Alvin and the Chipmunks: The Squeakquel,2009,4.6,88 min,"Animation, Adventure, Comedy"
The Bourne Ultimatum,2007,8.0,115 min,"Action, Mystery, Thriller"
Les Misérables,2012,7.5,158 min,"Drama, Musical, Romance"
Transformers: Rise of the Beasts,2023,6.0,127 min,"Action, Adventure, Sci-Fi"
Mrs. Doubtfire,1993,7.1,125 min,"Comedy, Drama, Family"
Terminator Genisys,2015,6.3,126 min,"Action, Adventure, Sci-Fi"
Aquaman and the Lost Kingdom,2023,5.6,124 min,"Action, Adventure, Fantasy"
A Star Is Born,2018,7.6,136 min,"Drama, Music, Romance"
Warcraft,2016,6.7,123 min,"Action, Adventure, Fantasy"
Yolo,2024,6.9,129 min,"Action, Comedy, Drama"
Terminator 3: Rise of the Machines,2003,6.3,109 min,"Action, Sci-Fi"
Shang-Chi and the Legend of the Ten Rings,2021,7.3,132 min,"Action, Adventure, Fantasy"
Die Another Day,2002,6.1,133 min,"Action, Adventure, Thriller"
The Secret Life of Pets 2,2019,6.4,86 min,"Animation, Adventure, Comedy"
The Exorcist,1973,8.1,122 min,Horror
Cast Away,2000,7.8,143 min,"Adventure, Drama, Romance"
Rampage,2018,6.1,107 min,"Action, Adventure, Sci-Fi"
The Matrix Revolutions,2003,6.7,129 min,"Action, Sci-Fi"
The Intouchables,2011,8.5,112 min,"Comedy, Drama"
Bad Boys for Life,2020,6.5,124 min,"Action, Comedy, Crime"
Django Unchained,2012,8.5,165 min,"Drama, Western"
Dances with Wolves,1990,8.0,181 min,"Adventure, Drama, Western"
Pegasus 2,2024,6.9,121 min,"Comedy, Drama, Sport"
"My People, My Homeland",2020,6.4,153 min,Drama
Successor,2024,6.8,133 min,"Comedy, Drama"
The Chronicles of Narnia: Prince Caspian,2008,6.5,150 min,"Action, Adventure, Family"
Sex and the City,2008,5.7,145 min,"Comedy, Drama, Romance"
The Captain,2019,6.2,111 min,"Action, Adventure, Drama"
The Mummy,1999,7.1,124 min,"Action, Adventure, Fantasy"
The Chronicles of Narnia: The Voyage of the Dawn Treader,2010,6.3,113 min,"Adventure, Family, Fantasy"
Jason Bourne,2016,6.6,123 min,"Action, Thriller"
Captain America: Brave New World,2025,5.6,118 min,"Action, Adventure, Sci-Fi"
The Wolverine,2013,6.7,126 min,"Action, Sci-Fi"
Kingsman: The Secret Service Revealed,2015,7.8,88 min,Documentary
The King's Speech,2010,8.0,118 min,"Biography, Drama, History"
Night at the Museum: Battle of the Smithsonian,2009,6.0,105 min,"Adventure, Comedy, Family"
Batman,1989,7.5,126 min,"Action, Adventure"
The Bodyguard,1992,6.4,129 min,"Drama, Music, Romance"
Pacific Rim,2013,6.9,131 min,"Action, Adventure, Sci-Fi"
Kingsman: The Golden Circle,2017,6.7,141 min,"Action, Adventure, Comedy"
Twilight,2008,5.3,122 min,"Drama, Fantasy, Romance"
Dune: Part One,2021,8.0,155 min,"Action, Adventure, Drama"
The Mummy,2017,5.4,110 min,"Action, Adventure, Fantasy"
Ice Age: Collision Course,2016,5.7,94 min,"Animation, Adventure, Comedy"
Sing 2,2021,7.3,110 min,"Animation, Adventure, Comedy"
Signs,2002,6.8,106 min,"Drama, Mystery, Sci-Fi"
X2: X-Men United,2003,7.4,134 min,"Action, Sci-Fi, Thriller"
Fantastic Beasts: The Secrets of Dumbledore,2022,6.2,142 min,"Adventure, Fantasy"
Uncharted,2022,6.3,116 min,"Action, Adventure"
The Wolf of Wall Street,2013,8.2,180 min,"Biography, Comedy, Crime"
Sonic the Hedgehog 2,2022,6.5,122 min,"Action, Adventure, Comedy"
Your Name.,2016,8.4,106 min,"Animation, Drama, Fantasy"
Alita: Battle Angel,2019,7.3,122 min,"Action, Adventure, Sci-Fi"
Bad Boys: Ride or Die,2024,6.5,115 min,"Action, Adventure, Comedy"
The Mummy: Tomb of the Dragon Emperor,2008,5.2,112 min,"Action, Adventure, Fantasy"
Prometheus,2012,7.0,124 min,"Adventure, Mystery, Sci-Fi"
Gone with the Wind,1939,8.2,238 min,"Drama, Romance, War"
Eternals,2021,6.2,156 min,"Action, Adventure, Fantasy"
Toy Story,1995,8.3,81 min,"Animation, Adventure, Comedy"
Tron: Legacy,2010,6.8,125 min,"Action, Adventure, Sci-Fi"
Meg 2: The Trench,2023,5.0,116 min,"Action, Adventure, Horror"
Mission: Impossible III,2006,6.9,126 min,"Action, Adventure, Thriller"
Kingdom of the Planet of the Apes,2024,6.8,145 min,"Action, Adventure, Drama"
Snow White and the Huntsman,2012,6.1,127 min,"Action, Adventure, Drama"
Grease,1978,7.2,110 min,"Comedy, Musical, Romance"
Mamma Mia! Here We Go Again,2018,6.6,114 min,"Comedy, Musical, Romance"
Spider-Man: Into the Spider-Verse,2018,8.4,117 min,"Animation, Action, Adventure"
Black Adam,2022,6.2,125 min,"Action, Adventure, Fantasy"
Solo: A Star Wars Story,2018,6.9,135 min,"Action, Adventure, Sci-Fi"
Once Upon a Time... in Hollywood,2019,7.6,161 min,"Comedy, Drama"
Superman Returns,2006,6.1,154 min,"Action, Adventure, Sci-Fi"
Robin Hood: Prince of Thieves,1991,6.9,143 min,"Action, Adventure, Drama"
Raiders of the Lost Ark,1981,8.4,115 min,"Action, Adventure"
Independence Day: Resurgence,2016,5.2,120 min,"Action, Adventure, Sci-Fi"
Live Free or Die Hard,2007,7.1,128 min,"Action, Thriller"
Godzilla: King of the Monsters,2019,6.0,132 min,"Action, Adventure, Fantasy"
Monster Hunt,2015,6.1,117 min,"Action, Adventure, Comedy"
Home,2015,6.5,94 min,"Animation, Adventure, Comedy"
Star Trek,2009,7.9,127 min,"Action, Adventure, Sci-Fi"
Back to the Future,1985,8.5,116 min,"Adventure, Comedy, Sci-Fi"
Happy Feet,2006,6.4,108 min,"Animation, Adventure, Comedy"
Indiana Jones and the Dial of Destiny,2023,6.5,154 min,"Action, Adventure, Sci-Fi"
Cars 3,2017,6.7,102 min,"Animation, Adventure, Comedy"
Ice Age,2002,7.5,81 min,"Animation, Adventure, Comedy"
Thunderbolts*,2025,7.2,127 min,"Action, Adventure, Crime"
Fifty Shades Darker,2017,4.6,118 min,"Drama, Mystery, Romance"
Monsters vs. Aliens,2009,6.4,94 min,"Animation, Action, Adventure"
Edge of Tomorrow,2014,7.9,113 min,"Action, Adventure, Sci-Fi"
Mad Max: Fury Road,2015,8.1,120 min,"Action, Adventure, Sci-Fi"
Black Widow,2021,6.6,134 min,"Action, Adventure, Sci-Fi"
Godzilla,1998,5.5,139 min,"Action, Sci-Fi, Thriller"
True Lies,1994,7.3,141 min,"Action, Comedy, Thriller"
Slumdog Millionaire,2008,8.0,120 min,"Crime, Drama, Romance"
Taken 2,2012,6.2,92 min,"Action, Crime, Thriller"
G.I. Joe: Retaliation,2013,5.7,110 min,"Action, Adventure, Sci-Fi"
Batman Begins,2005,8.2,140 min,"Action, Crime, Drama"
Shark Tale,2004,6.0,90 min,"Animation, Adventure, Comedy"
What Women Want,2000,6.5,127 min,"Comedy, Fantasy, Romance"
The Adventures of Tintin,2011,7.3,107 min,"Animation, Action, Adventure"
Penguins of Madagascar,2014,6.6,92 min,"Animation, Action, Adventure"
X-Men Origins: Wolverine,2009,6.5,107 min,"Action, Sci-Fi"
Creation of the Gods I: Kingdom of Storms,2023,6.7,148 min,"Action, Adventure, Drama"
Twisters,2024,6.5,122 min,"Action, Adventure, Thriller"
The Golden Compass,2007,6.1,113 min,"Adventure, Family, Fantasy"
Fifty Shades Freed,2018,4.6,105 min,"Drama, Mystery, Romance"
Hitch,2005,6.6,118 min,"Comedy, Romance"
Terminator Salvation,2009,6.5,115 min,"Action, Adventure, Sci-Fi"
Gone Girl,2014,8.1,149 min,"Drama, Mystery, Thriller"
Captain America: The First Avenger,2011,6.9,124 min,"Action, Adventure, Sci-Fi"
There's Something About Mary,1998,7.1,119 min,"Comedy, Romance"
The Fugitive,1993,7.8,130 min,"Action, Crime, Drama"
Jurassic Park III,2001,6.0,92 min,"Action, Adventure, Sci-Fi"
My Big Fat Greek Wedding,2002,6.6,95 min,"Comedy, Drama, Romance"
Shazam!,2019,7.0,132 min,"Action, Adventure, Comedy"
Hello Mr. Billionaire,2018,6.1,118 min,Comedy
Sinners,2025,7.6,137 min,"Action, Drama, Horror"
Die Hard with a Vengeance,1995,7.6,128 min,"Action, Adventure, Thriller"
The Nun,2018,5.4,96 min,"Horror, Mystery, Thriller"
Alvin and the Chipmunks,2007,5.3,92 min,"Animation, Adventure, Comedy"
Tenet,2020,7.3,150 min,"Action, Sci-Fi, Thriller"
Notting Hill,1999,7.2,124 min,"Comedy, Drama, Romance"
A Bug's Life,1998,7.2,95 min,"Animation, Adventure, Comedy"
Night at the Museum: Secret of the Tomb,2014,6.2,98 min,"Adventure, Comedy, Family"
Ocean's Twelve,2004,6.5,125 min,"Crime, Thriller"
Mary Poppins Returns,2018,6.7,130 min,"Adventure, Comedy, Family"
Planet of the Apes,2001,5.7,120 min,"Action, Adventure, Sci-Fi"
The Hangover Part III,2013,5.8,100 min,"Comedy, Crime"
The World Is Not Enough,1999,6.4,128 min,"Action, Adventure, Thriller"
Monster Hunt 2,2018,5.4,110 min,"Adventure, Comedy, Fantasy"
Fast & Furious,2009,6.5,107 min,"Action, Thriller"
Spirited Away,2001,8.6,124 min,"Animation, Adventure, Family"
Noah,2014,5.8,138 min,"Action, Adventure, Drama"
The Karate Kid,2010,6.3,140 min,"Action, Drama, Family"
Home Alone 2: Lost in New York,1992,6.9,120 min,"Adventure, Comedy, Crime"
Hotel Transylvania,2012,7.0,91 min,"Animation, Comedy, Family"
Minority Report,2002,7.6,145 min,"Action, Crime, Mystery"
Top Gun,1986,7.0,110 min,"Action, Drama"
The Legend of Tarzan,2016,6.2,110 min,"Action, Adventure, Drama"
American Beauty,1999,8.3,122 min,Drama
Apollo 13,1995,7.7,140 min,"Adventure, Drama, History"
Rain Man,1988,8.0,133 min,Drama
The Great Gatsby,2013,7.2,143 min,"Drama, Romance"
Dumbo,2019,6.2,112 min,"Adventure, Family, Fantasy"
"I, Robot",2004,7.1,115 min,"Action, Mystery, Sci-Fi"
Basic Instinct,1992,7.1,127 min,"Drama, Mystery, Romance"
Murder on the Orient Express,2017,6.5,114 min,"Comedy, Crime, Drama"
X-Men: First Class,2011,7.7,131 min,"Action, Sci-Fi"
The Angry Birds Movie,2016,6.3,97 min,"Animation, Action, Adventure"
GoldenEye,1995,7.2,130 min,"Action, Adventure, Thriller"
Catch Me If You Can,2002,8.1,141 min,"Biography, Crime, Drama"
Now You See Me,2013,7.2,115 min,"Crime, Mystery, Thriller"
Hannibal,2001,6.8,131 min,"Crime, Drama, Thriller"
The Mask,1994,7.0,101 min,"Comedy, Crime, Fantasy"
Peter Rabbit,2018,6.6,95 min,"Animation, Adventure, Comedy"
It Ends with Us,2024,6.3,130 min,"Drama, Romance"
Alien: Romulus,2024,7.1,119 min,"Horror, Sci-Fi, Thriller"
Speed,1994,7.3,116 min,"Action, Adventure, Thriller"
Dinosaur,2000,6.4,82 min,"Animation, Adventure, Drama"
Deep Impact,1998,6.3,120 min,"Action, Drama, Sci-Fi"
The Lorax,2012,6.4,86 min,"Animation, Adventure, Comedy"
The Maze Runner,2014,6.8,113 min,"Action, Mystery, Sci-Fi"
The Hunger Games: The Ballad of Songbirds & Snakes,2023,6.6,157 min,"Action, Adventure, Drama"
The Smurfs 2,2013,5.3,105 min,"Animation, Adventure, Comedy"
National Treasure,2004,6.9,131 min,"Action, Adventure, Mystery"
Trolls,2016,6.4,92 min,"Animation, Adventure, Comedy"
Rush Hour 2,2001,6.7,90 min,"Action, Comedy, Crime"
How the Grinch Stole Christmas,2000,6.4,104 min,"Comedy, Family, Fantasy"
xXx: Return of Xander Cage,2017,5.2,107 min,"Action, Adventure, Thriller"
Pocahontas,1995,6.7,81 min,"Animation, Adventure, Drama"
Star Trek Beyond,2016,7.0,122 min,"Action, Adventure, Sci-Fi"
Alvin and the Chipmunks: Chipwrecked,2011,4.4,87 min,"Animation, Adventure, Comedy"
Wanted,2008,6.7,110 min,"Action, Crime, Thriller"
The Flintstones,1994,5.0,91 min,"Comedy, Family, Fantasy"
A Quiet Place,2018,7.5,90 min,"Drama, Horror, Sci-Fi"
Enchanted,2007,7.1,107 min,"Animation, Adventure, Comedy"
Over the Hedge,2006,6.7,83 min,"Animation, Adventure, Comedy"
300: Rise of an Empire,2014,6.2,102 min,"Action, Drama"
Batman Forever,1995,5.4,121 min,"Action, Adventure"
The Curious Case of Benjamin Button,2008,7.8,166 min,"Drama, Fantasy, Romance"
Journey 2: The Mysterious Island,2012,5.7,94 min,"Action, Adventure, Comedy"
The Rock,1996,7.4,136 min,"Action, Adventure, Thriller"
The Great Wall,2016,5.9,103 min,"Action, Adventure, Fantasy"
Now You See Me 2,2016,6.4,129 min,"Action, Adventure, Comedy"
The Wild Robot,2024,8.2,102 min,"Animation, Adventure, Family"
Never Say Die,2017,6.2,100 min,"Comedy, Fantasy, Sport"
Fantastic Four,2005,5.7,106 min,"Action, Adventure, Fantasy"
Indiana Jones and the Temple of Doom,1984,7.5,118 min,"Action, Adventure"
Tomorrow Never Dies,1997,6.5,119 min,"Action, Adventure, Thriller"
Back to the Future Part II,1989,7.8,108 min,"Adventure, Comedy, Sci-Fi"
The Good Dinosaur,2015,6.7,93 min,"Animation, Action, Adventure"
Little Women,2019,7.8,135 min,"Drama, Romance"
Free Guy,2021,7.1,115 min,"Action, Adventure, Comedy"
22 Jump Street,2014,7.0,112 min,"Action, Comedy, Crime"
Meet the Parents,2000,7.0,108 min,"Comedy, Romance"
Black Swan,2010,8.0,108 min,"Drama, Thriller"
Who Framed Roger Rabbit,1988,7.7,104 min,"Animation, Adventure, Comedy"
Anal Adventures of Bruce Seven,1995,6.8,102 min,Adult
The Perfect Storm,2000,6.5,130 min,"Action, Adventure, Drama"
John Wick: Chapter 3 - Parabellum,2019,7.4,130 min,"Action, Crime, Drama"
Crocodile Dundee,1986,6.6,97 min,"Adventure, Comedy"
Crazy Alien,2019,5.7,116 min,"Comedy, Sci-Fi"
The Devil Wears Prada,2006,7.0,109 min,"Comedy, Drama"
Paddington,2014,7.3,95 min,"Adventure, Comedy, Family"
The Hunchback of Notre Dame,1996,7.0,91 min,"Animation, Drama, Family"
A Christmas Carol,2009,6.8,96 min,"Animation, Adventure, Comedy"
The SpongeBob Movie: Sponge Out of Water,2015,6.0,92 min,"Animation, Adventure, Comedy"
Bridesmaids,2011,6.8,125 min,Comedy
The Conjuring 2,2016,7.3,134 min,"Horror, Mystery, Thriller"
Schindler's List,1993,9.0,195 min,"Biography, Drama, History"
Megamind,2010,7.3,95 min,"Animation, Action, Adventure"
Green Book,2018,8.2,130 min,"Biography, Comedy, Drama"
Lethal Weapon 3,1992,6.7,118 min,"Action, Crime, Thriller"
Robin Hood,2010,6.6,140 min,"Action, Adventure, Drama"
Inglourious Basterds,2009,8.4,153 min,"Adventure, Drama, War"
101 Dalmatians,1996,5.8,103 min,"Adventure, Comedy, Crime"
The Conjuring,2013,7.5,112 min,"Horror, Mystery, Thriller"
Fatal Attraction,1987,6.9,119 min,"Drama, Thriller"
Sonic the Hedgehog,2020,6.5,99 min,"Action, Adventure, Comedy"
The Last Airbender,2010,4.0,103 min,"Action, Adventure, Family"
The Polar Express,2004,6.6,100 min,"Animation, Adventure, Family"
The Proposal,2009,6.8,108 min,"Comedy, Drama, Romance"
A Beautiful Mind,2001,8.2,135 min,"Biography, Drama, Mystery"
Beverly Hills Cop,1984,7.4,105 min,"Action, Comedy, Crime"
Air Force One,1997,6.5,124 min,"Action, Crime, Drama"
Final Destination: Bloodlines,2025,6.7,110 min,"Horror, Thriller"
Wonder,2017,7.9,113 min,"Drama, Family"
The Expendables 2,2012,6.6,103 min,"Action, Adventure, Thriller"
Chicken Little,2005,5.7,81 min,"Animation, Adventure, Comedy"
As Good as It Gets,1997,7.7,139 min,"Comedy, Drama, Romance"
Austin Powers: The Spy Who Shagged Me,1999,6.7,95 min,"Action, Adventure, Comedy"
Knives Out,2019,7.9,130 min,"Comedy, Crime, Drama"
The Lego Batman Movie,2017,7.3,104 min,"Animation, Action, Adventure"
Maze Runner: The Scorch Trials,2015,6.3,131 min,"Action, Adventure, Sci-Fi"
Resident Evil: The Final Chapter,2016,5.5,107 min,"Action, Horror, Sci-Fi"
Ocean's Thirteen,2007,6.9,122 min,"Crime, Thriller"
Little Fockers,2010,5.5,98 min,"Comedy, Romance"
Bolt,2008,6.8,96 min,"Animation, Adventure, Comedy"
Ransom,1996,6.7,121 min,"Action, Crime, Drama"
Runaway Bride,1999,5.6,116 min,"Comedy, Romance"
The Blind Side,2009,7.6,129 min,"Biography, Drama, Sport"
The Ex-File 3: Return of the Exes,2017,5.6,120 min,"Comedy, Romance"
The Fault in Our Stars,2014,7.6,126 min,"Drama, Romance"
The Pursuit of Happyness,2006,8.0,117 min,"Biography, Drama"
Rise of the Guardians,2012,7.2,97 min,"Animation, Action, Adventure"
Article 20,2024,7.0,141 min,Drama
Close Encounters of the Third Kind,1977,7.6,138 min,"Drama, Sci-Fi"
Chicago,2002,7.2,113 min,"Comedy, Crime, Musical"
Annabelle: Creation,2017,6.5,109 min,"Horror, Mystery, Thriller"
Skyscraper,2018,5.8,102 min,"Action, Adventure, Thriller"
A Good Day to Die Hard,2013,5.2,98 min,"Action, Thriller"
Mulan,1998,7.7,87 min,"Animation, Adventure, Comedy"
Dangal,2016,8.3,161 min,"Action, Biography, Drama"
Passengers,2016,7.0,116 min,"Drama, Romance, Sci-Fi"
Battleship,2012,5.8,131 min,"Action, Adventure, Sci-Fi"
Liar Liar,1997,6.9,86 min,"Comedy, Fantasy"
G.I. Joe: The Rise of Cobra,2009,5.7,118 min,"Action, Adventure, Sci-Fi"
Wrath of the Titans,2012,5.7,99 min,"Action, Adventure, Fantasy"
Never Say Never,2023,6.7,117 min,"Action, Drama, Sport"
Fantastic Four: Rise of the Silver Surfer,2007,5.6,92 min,"Action, Adventure, Fantasy"
Hook,1991,6.8,142 min,"Adventure, Comedy, Family"
Superman,1978,7.4,143 min,"Action, Adventure, Sci-Fi"
Rocky IV,1985,6.9,91 min,"Drama, Sport"
Rambo: First Blood Part II,1985,6.5,96 min,"Action, Adventure, Thriller"
Resident Evil: Afterlife,2010,5.8,96 min,"Action, Horror, Sci-Fi"
Migration,2023,6.6,83 min,"Animation, Adventure, Comedy"
Van Helsing,2004,6.1,131 min,"Action, Adventure, Fantasy"
Stuart Little,1999,6.0,84 min,"Adventure, Comedy, Family"
Beverly Hills Cop II,1987,6.6,103 min,"Action, Comedy, Crime"
Alice Through the Looking Glass,2016,6.2,113 min,"Adventure, Family, Fantasy"
My Best Friend's Wedding,1997,6.4,105 min,"Comedy, Drama, Romance"
Real Steel,2011,7.1,127 min,"Action, Drama, Sci-Fi"
Horton Hears a Who!,2008,6.8,86 min,"Animation, Adventure, Comedy"
Ocean's Eight,2018,6.3,110 min,"Action, Comedy, Crime"
A Quiet Place Part II (2021),2021,N/A,N/A,N/A
Insurgent,2015,6.2,119 min,"Action, Adventure, Sci-Fi"
Look Who's Talking,1989,5.9,93 min,Comedy
Austin Powers in Goldmember,2002,6.3,94 min,"Action, Adventure, Comedy"
Ghostbusters,1984,7.8,105 min,"Action, Comedy, Fantasy"
Miss Peregrine's Home for Peculiar Children,2016,6.7,127 min,"Adventure, Drama, Family"
X-Men,2000,7.3,104 min,"Action, Adventure, Sci-Fi"
Ferdinand,2017,6.7,108 min,"Animation, Adventure, Comedy"
Shutter Island,2010,8.2,138 min,"Drama, Mystery, Thriller"
Doctor Dolittle,1998,5.4,85 min,"Comedy, Family, Fantasy"
Bee Movie,2007,6.1,91 min,"Animation, Adventure, Comedy"
Salt,2010,6.5,100 min,"Action, Thriller"
G-Force,2009,5.1,88 min,"Animation, Action, Adventure"
The Bourne Supremacy,2004,7.7,108 min,"Action, Mystery, Thriller"
The Departed,2006,8.5,151 min,"Crime, Drama, Thriller"
Five Nights at Freddy's,2023,5.4,109 min,"Horror, Mystery, Thriller"
What Lies Beneath,2000,6.6,130 min,"Drama, Horror, Mystery"
Pacific Rim: Uprising,2018,5.6,111 min,"Action, Adventure, Sci-Fi"
Sex and the City 2,2010,4.5,146 min,"Comedy, Drama, Romance"
Paddington 2,2017,7.8,103 min,"Adventure, Comedy, Family"
Casper,1995,6.2,100 min,"Comedy, Family, Fantasy"
Shakespeare in Love,1998,7.1,123 min,"Comedy, Drama, History"
Divergent,2014,6.6,139 min,"Action, Adventure, Drama"
Coming to America,1988,7.1,117 min,"Comedy, Romance"
Elvis,2022,7.3,159 min,"Biography, Drama, Music"
Wedding Crashers,2005,7.0,119 min,"Comedy, Romance"
Maze Runner: The Death Cure,2018,6.3,143 min,"Action, Adventure, Sci-Fi"
American Pie 2,2001,6.5,108 min,Comedy
Pitch Perfect 2,2015,6.4,115 min,"Comedy, Music"
The Green Mile,1999,8.6,189 min,"Crime, Drama, Fantasy"
Oblivion,2013,7.0,124 min,"Action, Adventure, Sci-Fi"
Elysium,2013,6.6,109 min,"Action, Drama, Sci-Fi"
Lethal Weapon 4,1998,6.6,127 min,"Action, Crime, Thriller"
John Carter,2012,6.6,132 min,"Action, Adventure, Sci-Fi"
Turbo,2013,6.4,96 min,"Animation, Adventure, Comedy"
The Boy and the Heron,2023,7.4,124 min,"Animation, Adventure, Drama"
Bridget Jones's Diary,2001,6.8,97 min,"Comedy, Drama, Romance"
The Tourist,2010,6.0,103 min,"Action, Thriller"
Split,2017,N/A,N/A,"Short, Action"
Scary Movie,2000,6.3,88 min,Comedy
Blade Runner 2049,2017,8.0,164 min,"Action, Drama, Mystery"
xXx,2002,5.9,124 min,"Action, Adventure, Drama"
Creed III,2023,6.7,116 min,"Action, Drama, Sport"
The Bourne Legacy,2012,6.6,135 min,"Action, Adventure, Thriller"
Mr. Peabody & Sherman,2014,6.7,92 min,"Animation, Adventure, Comedy"
Scooby-Doo,2002,5.3,86 min,"Adventure, Comedy, Family"
Lincoln,2012,7.3,150 min,"Biography, Drama, History"
Tomb Raider,2018,6.3,119 min,"Action, Adventure, Fantasy"
Lilo & Stitch,2002,7.4,85 min,"Animation, Adventure, Comedy"
Lara Croft: Tomb Raider,2001,5.8,100 min,"Action, Adventure, Fantasy"
The Expendables,2010,6.4,103 min,"Action, Adventure, Thriller"
Cloudy with a Chance of Meatballs 2,2013,6.3,95 min,"Animation, Adventure, Comedy"
The Nutty Professor,1996,5.7,95 min,"Comedy, Romance, Sci-Fi"
Jerry Maguire,1996,7.3,139 min,"Comedy, Drama, Romance"
Bad Boys II,2003,6.6,147 min,"Action, Comedy, Crime"
The Silence of the Lambs,1991,8.6,118 min,"Crime, Drama, Horror"
Grown Ups,2010,6.0,102 min,Comedy
The Flash,2023,6.6,144 min,"Action, Adventure, Fantasy"
Neighbors,2014,6.3,97 min,Comedy
The Firm,1993,6.9,154 min,"Drama, Mystery, Thriller"
Gran Torino,2008,8.1,116 min,Drama
"10,000 BC",2008,5.1,109 min,"Action, Adventure, Drama"
American Gangster,2007,7.8,157 min,"Biography, Crime, Drama"
The Nun II,2023,5.6,110 min,"Horror, Mystery, Thriller"
Epic,2013,6.6,102 min,"Animation, Action, Adventure"
Exodus: Gods and Kings,2014,6.0,150 min,"Action, Adventure, Drama"
This Is It,2009,7.2,111 min,"Documentary, Music"
Bambi,1942,7.3,69 min,"Animation, Adventure, Drama"
Weapons,2025,7.6,128 min,"Horror, Mystery"
The Princess and the Frog,2009,7.2,97 min,"Animation, Adventure, Comedy"
Batman Returns,1992,7.1,126 min,"Action, Crime, Fantasy"
Indecent Proposal,1993,6.0,117 min,"Drama, Romance"
Something's Gotta Give,2003,6.7,128 min,"Comedy, Drama, Romance"
Bridget Jones: The Edge of Reason,2004,6.0,108 min,"Comedy, Drama, Romance"
The Incredible Hulk,2008,6.6,112 min,"Action, Adventure, Sci-Fi"
Waterworld,1995,6.3,135 min,"Action, Adventure, Sci-Fi"
The Truman Show,1998,8.2,103 min,"Comedy, Drama"
Charlie's Angels,2000,5.6,98 min,"Action, Adventure, Comedy"
The Fifth Element,1997,7.6,126 min,"Action, Adventure, Sci-Fi"
Jumanji,1995,7.1,104 min,"Adventure, Comedy, Family"
Borat,2006,7.4,84 min,Comedy
Parasite,2019,8.5,132 min,"Drama, Thriller"
Robots,2005,6.4,91 min,"Animation, Adventure, Comedy"
Knight and Day,2010,6.3,109 min,"Action, Adventure, Comedy"
A Quiet Place: Day One,2024,6.3,99 min,"Drama, Horror, Sci-Fi"
Taylor Swift: The Eras Tour,2023,8.0,169 min,"Documentary, Music, Musical"
Total Recall,1990,7.5,113 min,"Action, Adventure, Sci-Fi"
Encanto,2021,7.2,102 min,"Animation, Comedy, Family"
Terminator: Dark Fate,2019,6.2,128 min,"Action, Adventure, Sci-Fi"
The Lone Ranger,2013,6.4,150 min,"Action, Adventure, Drama"
Super 8,2011,7.0,112 min,"Action, Sci-Fi, Thriller"
Halloween,2018,6.5,106 min,"Crime, Drama, Horror"
Get Out,2016,7.1,N/A,Short
Mojin: The Lost Legend,2015,5.9,127 min,"Action, Adventure, Drama"
Charlie's Angels: Full Throttle,2003,4.9,106 min,"Action, Adventure, Comedy"
Rush Hour 3,2007,6.2,91 min,"Action, Comedy, Crime"
The Full Monty,1997,7.2,91 min,"Comedy, Drama"
Erin Brockovich,2000,7.5,131 min,"Biography, Drama"
Kung Fu Yoga,2017,5.2,107 min,"Action, Adventure, Comedy"
Annabelle,2014,5.5,99 min,"Horror, Mystery, Thriller"
The Garfield Movie,2024,5.7,101 min,"Animation, Adventure, Comedy"
"Crespià, the film not the village",2003,4.9,84 min,"Comedy, Musical"
Lost in Hong Kong,2015,5.4,114 min,"Action, Adventure, Comedy"
Us,2019,6.8,116 min,"Horror, Mystery, Thriller"
Pegasus,2019,6.3,98 min,"Comedy, Sport"
Marley & Me,2008,7.0,115 min,"Drama, Family"
Cliffhanger,1993,6.5,113 min,"Action, Adventure, Thriller"
Wish,2023,5.6,95 min,"Animation, Adventure, Comedy"
Baahubali 2: The Conclusion,2017,8.2,167 min,"Action, Drama"
Babe,1995,6.9,91 min,"Comedy, Drama, Family"
Men in Black: International,2019,5.6,114 min,"Action, Adventure, Comedy"
Wild Hogs,2007,5.9,100 min,"Action, Adventure, Comedy"
High School Musical 3: Senior Year,2008,5.0,112 min,"Comedy, Drama, Family"
Hercules,1997,7.3,93 min,"Animation, Action, Adventure"
X-Men: Dark Phoenix,2019,5.7,113 min,"Action, Adventure, Sci-Fi"
True Grit,2010,7.6,110 min,"Drama, Western"
Dolittle,2020,5.6,101 min,"Adventure, Comedy, Family"
Bean,1997,6.5,89 min,"Adventure, Comedy, Family"
American Hustle,2013,7.2,138 min,"Crime, Drama"
The Godfather,1972,9.2,175 min,"Crime, Drama"
Boonie Bears: Time Twist,2024,6.0,105 min,Animation
Enemy of the State,1998,7.3,132 min,"Action, Thriller"
You've Got Mail,1998,6.7,119 min,"Comedy, Drama, Romance"
Love Actually,2003,7.5,135 min,"Comedy, Drama, Romance"
Sound of Freedom,2023,7.6,131 min,"Biography, Crime, Drama"
Eragon,2006,5.1,104 min,"Action, Adventure, Family"
Brother Bear,2003,6.9,85 min,"Animation, Adventure, Comedy"
The Bad Guys,2022,6.9,100 min,"Animation, Adventure, Comedy"
Chang An,2023,7.5,168 min,"Animation, History"
The Mask of Zorro,1998,6.8,136 min,"Action, Adventure, Comedy"
The Ring,2002,7.1,115 min,"Horror, Mystery"
The Blair Witch Project,1999,6.5,81 min,"Horror, Mystery"
Unbreakable,2000,7.3,106 min,"Drama, Mystery, Sci-Fi"
Journey to the West: The Demons Strike Back,2017,5.5,109 min,"Adventure, Comedy, Fantasy"
Dumb and Dumber,1994,7.3,107 min,Comedy
Glass,2019,6.6,129 min,"Drama, Horror, Sci-Fi"
Grown Ups 2,2013,5.4,101 min,Comedy
The First Slam Dunk,2022,8.0,124 min,"Animation, Comedy, Drama"
The Peanuts Movie,2015,7.0,88 min,"Animation, Adventure, Comedy"
Rango,2011,7.3,107 min,"Animation, Action, Adventure"
Four Weddings and a Funeral,1994,7.1,117 min,"Comedy, Drama, Romance"
Face/Off,1997,7.3,138 min,"Action, Crime, Sci-Fi"
Teenage Mutant Ninja Turtles: Out of the Shadows,2016,5.9,112 min,"Action, Adventure, Comedy"
Dark Shadows,2012,6.2,113 min,"Comedy, Fantasy, Horror"
Hulk,2003,5.7,138 min,"Action, Sci-Fi"
The Bravest,2019,5.7,118 min,"Action, Drama"
Welcome to the Sticks,2008,7.1,106 min,"Comedy, Romance"
Back to the Future Part III,1990,7.5,118 min,"Adventure, Comedy, Sci-Fi"
Pixels,2015,5.6,105 min,"Action, Comedy, Fantasy"
Hercules,2014,6.0,98 min,"Action, Adventure, Fantasy"
Rush Hour,1998,7.0,98 min,"Action, Comedy, Crime"
Journey to the Center of the Earth,2008,5.8,93 min,"Action, Adventure, Family"
Sully,2016,7.4,96 min,"Biography, Drama"
After Earth,2013,4.8,100 min,"Action, Adventure, Drama"
A Few Good Men,1992,7.7,138 min,"Drama, Thriller"
Cloudy with a Chance of Meatballs,2009,6.9,90 min,"Animation, Adventure, Comedy"
8 Mile,2002,7.2,110 min,"Drama, Music"
Daddy's Home,2015,6.2,96 min,"Comedy, Family"
RoboCop,2014,6.1,117 min,"Action, Crime, Sci-Fi"
Howl's Moving Castle,2004,8.2,119 min,"Animation, Adventure, Family"
Eraser,1996,6.2,115 min,"Action, Crime, Thriller"
Alien: Covenant,2017,6.4,122 min,"Horror, Sci-Fi, Thriller"
Assassin's Creed,2016,5.6,115 min,"Action, Adventure, Sci-Fi"
Click,2006,6.4,107 min,"Comedy, Drama, Fantasy"
Jiang Ziya,2020,6.6,110 min,"Animation, Action, Adventure"
Planes,2013,5.7,91 min,"Animation, Adventure, Comedy"
Resident Evil: Retribution,2012,5.3,95 min,"Action, Horror, Sci-Fi"
Die Hard 2,1990,7.2,124 min,"Action, Thriller"
Crocodile Dundee II,1988,5.7,111 min,"Action, Adventure, Comedy"
Crazy Rich Asians,2018,6.9,120 min,"Comedy, Drama, Romance"
Bullet Train,2022,7.3,127 min,"Action, Comedy, Thriller"
Batman & Robin,1997,3.8,125 min,"Action, Sci-Fi"
Hidden Figures,2016,7.8,127 min,"Biography, Drama, History"
Gulliver's Travels,2010,4.9,85 min,"Adventure, Comedy, Family"
Gone in 60 Seconds,2000,6.5,118 min,"Action, Crime, Thriller"
Green Lantern,2011,5.5,114 min,"Action, Adventure, Sci-Fi"
Saturday Night Fever,1977,6.8,118 min,"Drama, Music"
The Bad Guys 2,2025,7.1,104 min,"Animation, Action, Adventure"
Silver Linings Playbook,2012,7.7,122 min,"Comedy, Drama, Romance"
2 Fast 2 Furious,2003,5.9,107 min,"Action, Crime, Thriller"
A.I. Artificial Intelligence,2001,7.2,146 min,"Adventure, Drama, Sci-Fi"
Dead Poets Society,1989,8.1,128 min,"Comedy, Drama"
Spy,2015,7.0,120 min,"Action, Comedy"
American Pie,1999,7.0,95 min,Comedy
American Reunion,2012,6.7,113 min,Comedy
Big Daddy,1999,6.4,93 min,"Comedy, Drama"
Alvin and the Chipmunks: The Road Chip,2015,4.9,92 min,"Adventure, Comedy, Family"
The Imitation Game,2014,8.0,114 min,"Biography, Drama, Thriller"
Cruella,2021,7.3,134 min,"Adventure, Comedy, Crime"
The Day the Earth Stood Still,2008,5.5,104 min,"Adventure, Drama, Sci-Fi"
American Wedding,2003,6.3,96 min,Comedy
The Girl with the Dragon Tattoo,2011,7.8,158 min,"Crime, Drama, Mystery"
Juno,2007,7.4,96 min,"Comedy, Drama"
Argo,2012,7.7,120 min,"Biography, Drama, History"
Mr. Bean's Holiday,2007,6.4,90 min,"Comedy, Family"
The English Patient,1996,7.4,162 min,"Drama, Romance, War"
Sister Act,1992,6.5,100 min,"Comedy, Family, Music"
Annabelle Comes Home,2019,5.9,106 min,"Horror, Mystery, Thriller"
Constantine,2005,7.0,121 min,"Action, Fantasy, Horror"
Get Smart,2008,6.5,110 min,"Action, Adventure, Comedy"
Space Jam,1996,6.5,88 min,"Animation, Adventure, Comedy"
Elf,2003,7.1,97 min,"Adventure, Comedy, Family"
The Heat,2013,6.6,117 min,"Action, Comedy, Crime"
Ghostbusters,2016,6.8,117 min,"Action, Comedy, Fantasy"
Ghost Rider,2007,5.3,110 min,"Action, Fantasy, Thriller"
Goodbye Mr. Loser,2015,6.7,104 min,"Comedy, Drama, Fantasy"
Sleepless in Seattle,1993,6.8,105 min,"Comedy, Drama, Romance"
Lethal Weapon 2,1989,7.3,114 min,"Action, Crime, Thriller"
The Green Hornet,2011,5.8,119 min,"Action, Comedy, Crime"
Out of Africa,1985,7.1,161 min,"Biography, Drama, Romance"
Better Days,2019,7.6,135 min,"Crime, Drama, Romance"
Youth,2017,7.0,135 min,"Drama, Romance, War"
Baby Driver,2017,7.5,113 min,"Action, Crime, Drama"
Immortals,2011,6.0,110 min,"Action, Drama, Fantasy"
Taken,2008,7.7,90 min,"Action, Crime, Thriller"
Percy Jackson & the Olympians: The Lightning Thief,2010,5.9,118 min,"Adventure, Family, Fantasy"
Lightyear,2022,6.1,105 min,"Animation, Action, Adventure"
Hansel & Gretel: Witch Hunters,2013,6.1,88 min,"Action, Fantasy, Horror"
Ford v Ferrari,2019,8.1,152 min,"Action, Biography, Drama"
Valerian and the City of a Thousand Planets,2017,6.4,136 min,"Action, Adventure, Fantasy"
Good Will Hunting,1997,8.3,126 min,"Drama, Romance"
Jumper,2008,6.1,88 min,"Action, Adventure, Sci-Fi"
The Social Network,2010,7.8,120 min,"Biography, Drama"
Chicken Run,2000,7.1,84 min,"Animation, Adventure, Comedy"
Con Air,1997,6.9,115 min,"Action, Crime, Thriller"
Interview with the Vampire,1994,7.5,123 min,"Drama, Fantasy, Horror"
Flightplan,2005,6.3,98 min,"Drama, Mystery, Thriller"
Yes Man,2008,6.8,104 min,"Comedy, Romance"
Non-Stop,2014,6.9,106 min,"Action, Mystery, Thriller"
"Honey, I Shrunk the Kids",1989,6.4,93 min,"Adventure, Comedy, Family"
Fahrenheit 9/11,2004,7.5,122 min,"Documentary, Drama, War"
Napoleon,2023,6.3,158 min,"Action, Adventure, Biography"
Wild Wild West,1999,4.9,106 min,"Action, Comedy, Sci-Fi"
Geostorm,2017,5.4,111 min,"Action, Sci-Fi, Thriller"
"My Country, My Parents",2021,N/A,157 min,Drama
The Help,2011,8.1,146 min,Drama
Presumed Innocent,1990,6.9,127 min,"Mystery, Thriller"
Suzume,2022,7.6,122 min,"Animation, Adventure, Drama"
Jungle Cruise,2021,6.6,127 min,"Action, Adventure, Comedy"
Scary Movie 3,2003,5.6,84 min,Comedy
Anyone But You,2023,6.1,103 min,"Comedy, Romance"
Collateral,2004,7.5,120 min,"Action, Crime, Drama"
Inferno,2016,6.2,121 min,"Action, Adventure, Crime"
Knocked Up,2007,6.9,129 min,"Comedy, Romance"
What Happens in Vegas,2008,6.1,99 min,"Comedy, Romance"
It's Complicated,2009,6.5,120 min,"Comedy, Drama, Romance"
The Terminal,2004,7.4,128 min,"Comedy, Drama, Romance"
Captain Phillips,2013,7.8,134 min,"Action, Biography, Crime"
The Prince of Egypt,1998,7.2,99 min,"Animation, Adventure, Drama"
Jack Reacher,2012,7.0,130 min,"Action, Thriller"
Boonie Bears: Guardian Code,2023,6.2,96 min,"Animation, Adventure, Comedy"
Smallfoot,2018,6.6,96 min,"Animation, Adventure, Comedy"
The Emoji Movie,2017,3.5,86 min,"Animation, Adventure, Comedy"
Smile,2022,6.5,115 min,"Horror, Mystery, Thriller"
Too Cool to Kill,2022,6.1,109 min,Comedy
Dracula Untold,2014,6.2,92 min,"Action, Drama, Fantasy"
Central Intelligence,2016,6.3,107 min,"Action, Comedy, Crime"
Million Dollar Baby,2004,8.1,132 min,"Drama, Sport"
Twins,1988,6.2,107 min,"Comedy, Crime"
Valentine's Day,2010,5.8,125 min,"Comedy, Romance"
Bad Teacher,2011,5.7,92 min,"Comedy, Romance"
A Little Red Flower,2020,6.7,122 min,"Drama, Family"
The Croods: A New Age,2020,6.9,95 min,"Animation, Adventure, Comedy"
Clear and Present Danger,1994,6.9,141 min,"Action, Crime, Drama"
One Hundred and One Dalmatians,1961,7.3,79 min,"Animation, Adventure, Comedy"
Ted 2,2015,6.3,115 min,Comedy
Dracula,1992,7.4,128 min,"Fantasy, Horror, Romance"
Vertical Limit,2000,6.0,124 min,"Action, Adventure, Drama"
Ghostbusters II,1989,6.6,108 min,"Action, Comedy, Fantasy"
The Patriot,2000,7.2,165 min,"Action, Drama, War"
The Sorcerer's Apprentice,2010,6.1,109 min,"Action, Adventure, Family"
Just Go with It,2011,6.4,117 min,"Comedy, Romance"
The Expendables 3,2014,6.1,126 min,"Action, Adventure, Comedy"
Dirty Dancing,1987,7.1,100 min,"Drama, Music, Romance"
Creed II,2018,7.1,130 min,"Action, Drama, Sport"
Kingdom of Heaven,2005,7.3,144 min,"Action, Adventure, Drama"
Public Enemies,2009,6.9,140 min,"Biography, Crime, Drama"
The Bourne Identity,2002,7.8,119 min,"Action, Mystery, Thriller"
Disclosure,1994,6.2,128 min,"Drama, Thriller"
"Crouching Tiger, Hidden Dragon",2000,7.9,120 min,"Action, Adventure, Drama"
Pulp Fiction,1994,8.8,154 min,"Crime, Drama"
The Aviator,2004,7.5,170 min,"Biography, Drama"
Braveheart,1995,8.3,178 min,"Biography, Drama, War"
Into the Woods,2014,5.9,125 min,"Adventure, Comedy, Drama"
Bedtime Stories,2008,6.0,99 min,"Adventure, Comedy, Family"
Arrival,2016,7.9,116 min,"Drama, Mystery, Sci-Fi"
Miss Congeniality,2000,6.3,109 min,"Action, Comedy, Crime"
Entrapment,1999,6.3,113 min,"Action, Crime, Romance"
Ace Ventura: When Nature Calls,1995,6.4,90 min,"Adventure, Comedy, Crime"
End of Days,1999,5.8,122 min,"Action, Fantasy, Horror"
Bridget Jones's Baby,2016,6.4,123 min,"Comedy, Drama, Romance"
Fury,2014,7.6,134 min,"Action, Drama, War"
Battle Los Angeles,2011,5.7,116 min,"Action, Adventure, Sci-Fi"
Australia,2008,6.6,165 min,"Adventure, Drama, Romance"
Due Date,2010,6.5,95 min,"Comedy, Drama"
Master and Commander: The Far Side of the World,2003,7.5,138 min,"Action, Adventure, Drama"
A Series of Unfortunate Events,2004,6.8,108 min,"Adventure, Comedy, Family"
The Little Mermaid,1989,7.6,83 min,"Animation, Adventure, Family"
Nice View,2022,6.7,106 min,"Comedy, Drama"
District 9,2009,7.9,112 min,"Action, Sci-Fi, Thriller"
Moonraker,1979,6.3,126 min,"Action, Adventure, Sci-Fi"
The Others,2001,7.6,104 min,"Horror, Mystery, Thriller"
Horrible Bosses,2011,6.9,98 min,"Comedy, Crime"
Trolls Band Together,2023,6.0,91 min,"Animation, Adventure, Comedy"
Us and Them,2018,7.4,120 min,"Drama, Romance"
Red Dragon,2002,7.2,124 min,"Crime, Drama, Thriller"
Tomorrowland,2015,6.4,130 min,"Action, Adventure, Family"
Me Before You,2016,7.4,110 min,"Drama, Romance"
Safe House,2012,6.7,115 min,"Action, Thriller"
S.W.A.T.,2003,6.1,117 min,"Action, Adventure, Crime"
DC League of Super-Pets,2022,6.9,105 min,"Animation, Action, Adventure"
The Fast and the Furious,2001,6.8,106 min,"Action, Crime, Thriller"
Traffic,2000,7.6,147 min,"Crime, Drama, Thriller"
Joker: Folie à Deux,2024,5.2,138 min,"Drama, Musical, Thriller"
Paranormal Activity 3,2011,5.8,83 min,"Horror, Mystery, Thriller"
Philadelphia,1993,7.7,125 min,Drama
Ponyo,2008,7.6,101 min,"Animation, Adventure, Comedy"
The Conjuring: The Devil Made Me Do It,2021,6.2,112 min,"Horror, Mystery, Thriller"
The Marvels,2023,5.5,105 min,"Action, Adventure, Sci-Fi"
Sleepy Hollow,1999,7.3,105 min,"Fantasy, Horror, Mystery"
The Jungle Book,1967,7.6,78 min,"Animation, Adventure, Comedy"
Raging Fire,2021,6.5,126 min,"Action, Adventure, Crime"
London Has Fallen,2016,5.9,99 min,"Action, Thriller"
Snow White,2025,2.1,109 min,"Adventure, Family, Fantasy"
The Break-Up,2006,5.8,106 min,"Comedy, Drama, Romance"
Journey to the West: Conquering the Demons,2013,6.7,110 min,"Action, Adventure, Comedy"
The Ugly Truth,2009,6.4,96 min,"Comedy, Romance"
Birds of Prey and the Fantabulous Emancipation of One Harley Quinn,2020,6.1,109 min,"Action, Comedy, Crime"
Dungeons & Dragons: Honor Among Thieves,2023,7.2,134 min,"Action, Adventure, Comedy"
JFK,1991,8.0,189 min,"Drama, History, Thriller"
White House Down,2013,6.3,131 min,"Action, Drama, Thriller"
The Holiday,2006,7.0,136 min,"Comedy, Romance"
PAW Patrol: The Mighty Movie,2023,5.9,88 min,"Animation, Action, Adventure"
A Dog's Purpose,2017,7.3,100 min,"Adventure, Comedy, Drama"
Fun with Dick and Jane,2005,6.2,90 min,"Comedy, Crime"
Eat Pray Love,2010,5.9,133 min,"Biography, Comedy, Drama"
Ghostbusters: Afterlife,2021,7.0,124 min,"Adventure, Comedy, Fantasy"
The Addams Family,2019,5.8,86 min,"Animation, Comedy, Family"
You Don't Mess with the Zohan,2008,5.6,113 min,"Action, Comedy"
Hairspray,2007,6.7,117 min,"Comedy, Drama, Musical"
King Arthur,2004,6.3,126 min,"Action, Adventure, Drama"
Yogi Bear,2010,4.6,80 min,"Animation, Adventure, Comedy"
Everest,2015,7.1,121 min,"Adventure, Biography, Drama"
Vanilla Sky,2001,6.9,136 min,"Fantasy, Mystery, Romance"
Need for Speed,2014,6.4,132 min,"Action, Crime, Drama"
Garfield: The Movie,2004,5.1,80 min,"Adventure, Comedy, Family"
Patch Adams,1998,6.8,115 min,"Biography, Comedy, Drama"
Teenage Mutant Ninja Turtles,1990,6.8,93 min,"Action, Adventure, Comedy"
Ghostbusters: Frozen Empire,2024,6.1,115 min,"Adventure, Comedy, Fantasy"
Kindergarten Cop,1990,6.3,111 min,"Action, Comedy, Crime"
Straight Outta Compton,2015,7.8,147 min,"Biography, Drama, History"
21 Jump Street,2012,7.2,109 min,"Action, Comedy, Crime"
Valkyrie,2008,7.1,121 min,"Drama, History, Thriller"
Open Season,2006,6.1,86 min,"Animation, Adventure, Comedy"
Cats & Dogs,2001,5.2,87 min,"Action, Adventure, Comedy"
The Hunt for Red October,1990,7.5,135 min,"Action, Adventure, Thriller"
Percy Jackson: Sea of Monsters,2013,5.7,106 min,"Adventure, Family, Fantasy"
The Lego Movie 2: The Second Part,2019,6.5,107 min,"Animation, Adventure, Comedy"
Two Weeks Notice,2002,6.2,101 min,"Comedy, Romance"
RED,2010,7.0,111 min,"Action, Comedy, Crime"
Shock Wave 2,2020,6.6,120 min,"Action, Crime, Thriller"
City of Angels,1998,6.7,114 min,"Drama, Fantasy, Romance"
The Pacifier,2005,5.6,95 min,"Action, Comedy, Drama"
50 First Dates,2004,6.8,99 min,"Comedy, Drama, Romance"
Total Recall,2012,6.2,118 min,"Action, Adventure, Sci-Fi"
The Island,2018,6.2,134 min,"Comedy, Drama"
The Impossible,2012,7.5,114 min,"Drama, History, Thriller"
Lost in Thailand,2012,6.2,105 min,"Adventure, Comedy, Drama"
Christopher Robin,2018,7.2,104 min,"Adventure, Comedy, Drama"
Jack the Giant Slayer,2013,6.3,114 min,"Action, Adventure, Fantasy"
Smurfs: The Lost Village,2017,6.0,90 min,"Animation, Adventure, Comedy"
Chinese Doctors,2021,4.7,129 min,Drama
Spy Kids 3: Game Over,2003,4.4,84 min,"Action, Adventure, Comedy"
Panic Room,2002,6.8,112 min,"Crime, Drama, Thriller"
The Other Woman,2014,6.0,109 min,"Comedy, Romance"
Stargate,1994,7.0,121 min,"Action, Adventure, Sci-Fi"
Beowulf,2007,6.3,115 min,"Animation, Action, Adventure"
The Vow,2012,6.8,104 min,"Drama, Romance"
Anger Management,2003,6.3,106 min,Comedy
Tropic Thunder,2008,7.1,107 min,"Action, Comedy, War"
Rocketman,2019,7.3,121 min,"Biography, Drama, Music"
The Pelican Brief,1993,6.6,141 min,"Crime, Drama, Mystery"
The Shape of Water,2017,7.3,123 min,"Drama, Fantasy, Romance"
The BFG,2016,6.3,117 min,"Adventure, Family, Fantasy"
The Intern,2015,7.1,121 min,"Comedy, Drama"
Downton Abbey,2019,7.4,122 min,"Drama, Romance"
Gnomeo & Juliet,2011,5.9,84 min,"Animation, Adventure, Comedy"
The Sum of All Fears,2002,6.5,124 min,"Action, Drama, Thriller"
Gangs of New York,2002,7.5,167 min,"Crime, Drama"
The Post,2017,7.2,116 min,"Biography, Drama, History"
The Monkey King 2,2016,5.9,119 min,"Action, Adventure, Fantasy"
Paranormal Activity (2009),2009,N/A,47 min,N/A
The Lost City,2022,6.1,112 min,"Action, Adventure, Comedy"
Wallace & Gromit: The Curse of the Were-Rabbit,2005,7.5,85 min,"Animation, Adventure, Comedy"
Weathering with You,2019,7.5,112 min,"Animation, Drama, Fantasy"
The Equalizer,2014,7.3,132 min,"Action, Crime, Thriller"
