name,rating,reviews,price,product_url,category,raw_text
Apple iPhone 17 Pro 12/256GB/6.3/48 Deep Blue,5.0,365,849990,https://www.technodom.kz/p/smartfon-apple-iphone-17-pro-12256gb6348-deep-blue-293869,smartphones,0 - 0 - 24 Смартфон Apple iPhone 17 Pro 12/256GB/6.3/48 Deep Blue 5 (365) 849 990 ₸ 70 833 ₸ x 12 мес В корзину Самовывоз сегодня Доставка завтра
Samsung Galaxy A07 6/128 Black,5.0,24,74990,https://www.technodom.kz/p/smartfon-gsm-samsung-galaxy-a07-6-128-6-7-50-black-sm-a075fzkhskz-293254,smartphones,0 - 0 - 24 Смартфон Samsung Galaxy A07 6/128 Black 5 (24) 74 990 ₸ до + 3 749 бонусов 6 250 ₸ x 12 мес В корзину Самовывоз сегодня Доставка завтра
Apple iPhone 17 Pro Max 12/256GB/6.9/48 Deep Blue,5.0,412,914990,https://www.technodom.kz/p/smartfon-gsm-apple-iphone-17-pro-max-12-256gb-6-9-48-deep-blue-293878,smartphones,0 - 0 - 24 Смартфон Apple iPhone 17 Pro Max 12/256GB/6.9/48 Deep Blue 5 (412) 914 990 ₸ 76 250 ₸ x 12 мес В корзину Самовывоз сегодня Доставка завтра
Apple iPhone 17 Pro 12/256GB/6.3/48 Silver,5.0,365,849990,https://www.technodom.kz/p/smartfon-apple-iphone-17-pro-12256gb6348-silver-293867,smartphones,0 - 0 - 24 Смартфон Apple iPhone 17 Pro 12/256GB/6.3/48 Silver 5 (365) 849 990 ₸ 70 833 ₸ x 12 мес В корзину Самовывоз сегодня Доставка завтра
Honor X9c 12/256GB Титановый черный,4.8,20,209990,https://www.technodom.kz/p/smartfon-gsm-honor-x9c-12256-titanovyj-chernyj-286247,smartphones,0 - 0 - 24 Смартфон Honor X9c 12/256GB Титановый черный 4.8 (20) 209 990 ₸ до + 10 499 бонусов 17 500 ₸ x 12 мес В корзину Самовывоз сегодня Доставка завтра
Honor X9c 12/256GB Нефритовый голубой,4.8,20,209990,https://www.technodom.kz/p/smartfon-gsm-honor-x9c-12256-nefritovyj-goluboj-286248,smartphones,0 - 0 - 24 Смартфон Honor X9c 12/256GB Нефритовый голубой 4.8 (20) 209 990 ₸ до + 10 499 бонусов от 6 794 ₸ x 60 мес В корзину Самовывоз сегодня На витрине
Honor X9c 8/256GB Титановый черный,5.0,19,199990,https://www.technodom.kz/p/smartfon-gsm-honor-x9c-8256-titanovyj-chernyj-286249,smartphones,0 - 0 - 24 Смартфон Honor X9c 8/256GB Титановый черный 5 (19) 199 990 ₸ до + 9 999 бонусов от 6 470 ₸ x 60 мес В корзину Самовывоз сегодня На витрине
Honor X9c 8/256GB Нефритовый голубой,5.0,19,199990,https://www.technodom.kz/p/smartfon-gsm-honor-x9c-8256-nefritovyj-goluboj-286250,smartphones,0 - 0 - 24 Смартфон Honor X9c 8/256GB Нефритовый голубой 5 (19) 199 990 ₸ до + 9 999 бонусов 16 666 ₸ x 12 мес В корзину Самовывоз сегодня Доставка завтра
Honor X9c 8/256GB Титановый фиолетовый,5.0,19,199990,https://www.technodom.kz/p/smartfon-gsm-honor-x9c-8256-titanovyj-fioletovyj-286251,smartphones,0 - 0 - 24 Смартфон Honor X9c 8/256GB Титановый фиолетовый 5 (19) 199 990 ₸ до + 9 999 бонусов 16 666 ₸ x 12 мес В корзину Самовывоз сегодня Доставка завтра
HONOR X9с SMART 8/256Gb Полуночно-черный,5.0,7,154990,https://www.technodom.kz/p/smartfon-gsm-honor-x9s-smart-8256gb-polunochno-chernii-288109,smartphones,Trade-in 0 - 0 - 24 -11% Смартфон HONOR X9с SMART 8/256Gb Полуночно-черный 5 (7) 154 990 ₸ 174 990 ₸ до + 7 749 бонусов от 5 015 ₸ x 60 мес В корзину Самовывоз сегодня На витрине
HONOR X9с SMART 8/256Gb Зеленый,5.0,7,154990,https://www.technodom.kz/p/smartfon-gsm-honor-x9s-smart-8256gb-zelenii-288110,smartphones,Trade-in 0 - 0 - 24 -11% Смартфон HONOR X9с SMART 8/256Gb Зеленый 5 (7) 154 990 ₸ 174 990 ₸ до + 7 749 бонусов от 5 015 ₸ x 60 мес В корзину Самовывоз сегодня На витрине
Apple iPhone 13 4/128GB Midnight,4.9,666,319990,https://www.technodom.kz/p/smartfon-gsm-apple-iphone-13-128gb-thx-61-12-5-midnight-252945,smartphones,0 - 0 - 24 Смартфон Apple iPhone 13 4/128GB Midnight 4.9 (666) 319 990 ₸ 26 666 ₸ x 12 мес В корзину Самовывоз сегодня Доставка завтра
"HONOR X9d 12/256/6,7/108 Midnight Black",4.9,34,229990,https://www.technodom.kz/p/smartfon-honor-x9d-1225667108-midnight-black-293694,smartphones,"0 - 0 - 24 + подарок Смартфон HONOR X9d 12/256/6,7/108 Midnight Black 4.9 (34) 229 990 ₸ до + 11 499 бонусов 19 166 ₸ x 12 мес В корзину Самовывоз сегодня Доставка завтра"
Apple iPhone 17 Pro 12/256GB/6.3/48 Cosmic Orange,5.0,365,849990,https://www.technodom.kz/p/smartfon-apple-iphone-17-pro-12256gb6348-cosmic-orange-293868,smartphones,0 - 0 - 24 Смартфон Apple iPhone 17 Pro 12/256GB/6.3/48 Cosmic Orange 5 (365) 849 990 ₸ 70 833 ₸ x 12 мес В корзину Самовывоз сегодня Доставка завтра
Apple iPhone 17 Pro Max 12/256GB/6.9/48 Silver,5.0,412,914990,https://www.technodom.kz/p/smartfon-gsm-apple-iphone-17-pro-max-12-256gb-6-9-48-silver-293876,smartphones,0 - 0 - 24 Смартфон Apple iPhone 17 Pro Max 12/256GB/6.9/48 Silver 5 (412) 914 990 ₸ 76 250 ₸ x 12 мес В корзину Самовывоз сегодня Доставка завтра
Samsung Galaxy A36 8/256GB Awesome Black,4.9,75,189990,https://www.technodom.kz/p/smartfon-samsung-galaxy-a36-awesome-black-sm-a366ezkgskz-289299,smartphones,0 - 0 - 24 -9% Смартфон Samsung Galaxy A36 8/256GB Awesome Black 4.9 (75) 189 990 ₸ 209 890 ₸ до + 9 499 бонусов 15 833 ₸ x 12 мес В корзину Самовывоз сегодня Доставка завтра
Samsung Galaxy A36 8/128GB Awesome Black,4.9,75,169990,https://www.technodom.kz/p/smartfon-samsung-galaxy-a36-awesome-black-sm-a366ezkdskz-289298,smartphones,0 - 0 - 24 -10% Смартфон Samsung Galaxy A36 8/128GB Awesome Black 4.9 (75) 169 990 ₸ 189 890 ₸ до + 8 499 бонусов 14 166 ₸ x 12 мес В корзину Самовывоз сегодня Доставка завтра
Samsung Galaxy A56 8/256 Awesome Graphite,5.0,187,229990,https://www.technodom.kz/p/smartfon-samsung-galaxy-a56-256-awesome-graphite-sm-a566ezkcskz-289307,smartphones,0 - 0 - 24 -8% Смартфон Samsung Galaxy A56 8/256 Awesome Graphite 5 (187) 229 990 ₸ 249 890 ₸ до + 11 499 бонусов 19 166 ₸ x 12 мес В корзину Самовывоз сегодня Доставка завтра
GSM HONOR X6c 6/128/6.7/50 Midnight Black,5.0,40,74990,https://www.technodom.kz/p/smartfon-gsm-honor-x6c-6-128-6-7-50-midnight-black-291803,smartphones,0 - 0 - 24 -6% Смартфон GSM HONOR X6c 6/128/6.7/50 Midnight Black 5 (40) 74 990 ₸ 79 990 ₸ до + 3 749 бонусов 6 250 ₸ x 12 мес В корзину Самовывоз сегодня Доставка завтра
"HONOR X9d 8/256/6,7/108 Reddish Brown",4.9,34,219990,https://www.technodom.kz/p/smartfon-honor-x9d-825667108-reddish-brown-293698,smartphones,"0 - 0 - 24 + подарок Смартфон HONOR X9d 8/256/6,7/108 Reddish Brown 4.9 (34) 219 990 ₸ до + 10 999 бонусов 18 333 ₸ x 12 мес В корзину Самовывоз сегодня Доставка завтра"
Apple iPhone 13 4/128GB Starlight,4.9,666,319990,https://www.technodom.kz/p/smartfon-gsm-apple-iphone-13-128gb-thx-61-12-5-starlight-252946,smartphones,0 - 0 - 24 Смартфон Apple iPhone 13 4/128GB Starlight 4.9 (666) 319 990 ₸ 26 666 ₸ x 12 мес В корзину Самовывоз сегодня Доставка завтра
Samsung Galaxy A07 6/128 Light Violet,5.0,24,74990,https://www.technodom.kz/p/smartfon-gsm-samsung-galaxy-a07-6-128-6-7-50-light-violet-sm-a075flvhskz-292356,smartphones,0 - 0 - 24 Смартфон Samsung Galaxy A07 6/128 Light Violet 5 (24) 74 990 ₸ до + 3 749 бонусов 6 250 ₸ x 12 мес В корзину Самовывоз сегодня Доставка завтра
Samsung Galaxy A26 6/128GB Black,4.9,84,134990,https://www.technodom.kz/p/smartfon-gsm-samsung-galaxy-a26-8-128-6-7-50-black-sm-a266bzkdskz-289288,smartphones,0 - 0 - 24 Смартфон Samsung Galaxy A26 6/128GB Black 4.9 (84) 134 990 ₸ до + 6 749 бонусов 11 250 ₸ x 12 мес В корзину Самовывоз сегодня Доставка завтра
Samsung Galaxy A17 6/128GB/6.7/50 Черный,5.0,18,109890,https://www.technodom.kz/p/smartfon-gsm-samsung-galaxy-a17-6-128gb-6-7-50-cherniy-294023,smartphones,0 - 0 - 24 Смартфон Samsung Galaxy A17 6/128GB/6.7/50 Черный 5 (18) 109 890 ₸ до + 5 494 бонусов 9 158 ₸ x 12 мес В корзину Самовывоз сегодня Доставка завтра
Samsung Galaxy A07 4/64 Black,5.0,24,64990,https://www.technodom.kz/p/smartfon-gsm-samsung-galaxy-a07-4-64-6-7-50-black-sm-a075fzkdskz-293251,smartphones,0 - 0 - 24 Смартфон Samsung Galaxy A07 4/64 Black 5 (24) 64 990 ₸ до + 3 249 бонусов 5 416 ₸ x 12 мес В корзину Самовывоз сегодня Доставка завтра
Samsung Galaxy A26 8/256GB Black,4.9,84,154990,https://www.technodom.kz/p/smartfon-gsm-samsung-galaxy-a26-8-256-6-7-50-black-sm-a266bzkhskz-289289,smartphones,0 - 0 - 24 Смартфон Samsung Galaxy A26 8/256GB Black 4.9 (84) 154 990 ₸ до + 7 749 бонусов 12 916 ₸ x 12 мес В корзину Самовывоз сегодня Доставка завтра
Samsung Galaxy A56 8/128 Awesome Graphite,5.0,187,209990,https://www.technodom.kz/p/smartfon-samsung-galaxy-a56-128-awesome-graphite-sm-a566ezkaskz-289306,smartphones,0 - 0 - 24 -9% Смартфон Samsung Galaxy A56 8/128 Awesome Graphite 5 (187) 209 990 ₸ 229 890 ₸ до + 10 499 бонусов 17 500 ₸ x 12 мес В корзину Самовывоз сегодня Доставка завтра
Samsung Galaxy S25 12/256GB Navy,5.0,50,404890,https://www.technodom.kz/p/smartfon-gsm-samsung-galaxy-s25-122566250-navy-sm-s931bdbcskz-288438,smartphones,0 - 0 - 24 -30% Смартфон Samsung Galaxy S25 12/256GB Navy 5 (50) 404 890 ₸ 574 890 ₸ до + 20 244 бонусов 33 741 ₸ x 12 мес В корзину Самовывоз сегодня Доставка завтра
"HONOR X5C Plus 4/128/6,7/50 Midnight Black",5.0,6,59990,https://www.technodom.kz/p/smartfon-honor-x5c-plus-41286750-midnight-black-293704,smartphones,"0 - 0 - 24 -14% Смартфон HONOR X5C Plus 4/128/6,7/50 Midnight Black 5 (6) 59 990 ₸ 69 990 ₸ до + 2 999 бонусов 5 000 ₸ x 12 мес В корзину Самовывоз сегодня Доставка завтра"
Apple iPhone 15 6/128GB Black (MTP03),4.8,182,424990,https://www.technodom.kz/p/smartfon-apple-iphone-15-128gb-black-mtp03-274372,smartphones,0 - 0 - 24 -7% Смартфон Apple iPhone 15 6/128GB Black (MTP03) 4.8 (182) 424 990 ₸ 454 990 ₸ 35 416 ₸ x 12 мес В корзину Самовывоз сегодня Доставка завтра
Samsung Galaxy A07 6/128 Green,5.0,24,74990,https://www.technodom.kz/p/smartfon-gsm-samsung-galaxy-a07-6-128-6-7-50-green-sm-a075fzghskz-293255,smartphones,0 - 0 - 24 Смартфон Samsung Galaxy A07 6/128 Green 5 (24) 74 990 ₸ до + 3 749 бонусов 6 250 ₸ x 12 мес В корзину Самовывоз сегодня Доставка завтра
Samsung Galaxy A56 8/256 Awesome Lightgray,5.0,187,229990,https://www.technodom.kz/p/smartfon-samsung-galaxy-a56-256-awesome-lightgray-sm-a566ezacskz-289303,smartphones,0 - 0 - 24 -8% Смартфон Samsung Galaxy A56 8/256 Awesome Lightgray 5 (187) 229 990 ₸ 249 890 ₸ до + 11 499 бонусов 19 166 ₸ x 12 мес В корзину Самовывоз сегодня Доставка завтра
Samsung Galaxy S25 12/256GB Silver Shadow,5.0,50,404890,https://www.technodom.kz/p/smartfon-gsm-samsung-galaxy-s25-122566250-silver-shadow-sm-s931bzscskz-288445,smartphones,0 - 0 - 24 -30% Смартфон Samsung Galaxy S25 12/256GB Silver Shadow 5 (50) 404 890 ₸ 574 890 ₸ до + 20 244 бонусов 33 741 ₸ x 12 мес В корзину Самовывоз сегодня Доставка завтра
Samsung Galaxy A56 8/128 Awesome Lightgray,5.0,187,209990,https://www.technodom.kz/p/smartfon-samsung-galaxy-a56-128-awesome-lightgray-sm-a566ezaaskz-289302,smartphones,0 - 0 - 24 -9% Смартфон Samsung Galaxy A56 8/128 Awesome Lightgray 5 (187) 209 990 ₸ 229 890 ₸ до + 10 499 бонусов 17 500 ₸ x 12 мес В корзину Самовывоз сегодня Доставка завтра
Samsung Galaxy S25 12/128GB Navy,5.0,50,369890,https://www.technodom.kz/p/smartfon-gsm-samsung-galaxy-s25-121286250-navy-sm-s931bdbbskz-288437,smartphones,0 - 0 - 24 -31% Смартфон Samsung Galaxy S25 12/128GB Navy 5 (50) 369 890 ₸ 539 890 ₸ до + 18 494 бонусов 30 825 ₸ x 12 мес В корзину Самовывоз сегодня Доставка завтра
Apple iPhone 15 6/256GB Black (MTP63),4.8,182,504990,https://www.technodom.kz/p/smartfon-apple-iphone-15-256gb-black-mtp63-274377,smartphones,0 - 0 - 24 -6% Смартфон Apple iPhone 15 6/256GB Black (MTP63) 4.8 (182) 504 990 ₸ 534 990 ₸ 42 083 ₸ x 12 мес В корзину Самовывоз сегодня Доставка завтра
Samsung Galaxy A56 8/256 Awesome Olive,5.0,187,229990,https://www.technodom.kz/p/smartfon-samsung-galaxy-a56-256-awesome-olive-sm-a566ezgcskz-289305,smartphones,0 - 0 - 24 -8% Смартфон Samsung Galaxy A56 8/256 Awesome Olive 5 (187) 229 990 ₸ 249 890 ₸ до + 11 499 бонусов 19 166 ₸ x 12 мес В корзину Самовывоз сегодня Доставка завтра
Apple iPhone 15 6/128GB Blue (MTP43),4.8,182,424990,https://www.technodom.kz/p/smartfon-apple-iphone-15-128gb-blue-mtp43-274375,smartphones,0 - 0 - 24 -7% Смартфон Apple iPhone 15 6/128GB Blue (MTP43) 4.8 (182) 424 990 ₸ 454 990 ₸ 35 416 ₸ x 12 мес В корзину Самовывоз сегодня Доставка завтра
Apple iPhone 16 8/128GB White,5.0,138,534990,https://www.technodom.kz/p/smartfon-apple-iphone-16-128gb-white-284604,smartphones,0 - 0 - 24 Смартфон Apple iPhone 16 8/128GB White 5 (138) 534 990 ₸ 44 583 ₸ x 12 мес В корзину Самовывоз сегодня Доставка завтра
"HONOR X9d 8/256/6,7/108 Midnight Black",4.9,34,219990,https://www.technodom.kz/p/smartfon-honor-x9d-825667108-midnight-black-293696,smartphones,"0 - 0 - 24 + подарок Смартфон HONOR X9d 8/256/6,7/108 Midnight Black 4.9 (34) 219 990 ₸ до + 10 999 бонусов 18 333 ₸ x 12 мес В корзину Самовывоз сегодня Доставка завтра"
Apple iPhone 14 6/128GB Midnight,4.8,379,382990,https://www.technodom.kz/p/smartfon-gsm-apple-iphone-14-128gb-thx-61-12-5-midnight-265269,smartphones,0 - 0 - 24 Смартфон Apple iPhone 14 6/128GB Midnight 4.8 (379) 382 990 ₸ 31 916 ₸ x 12 мес В корзину Самовывоз сегодня Доставка завтра
Samsung Galaxy A17 6/128GB/6.7/50 Серый,5.0,18,109890,https://www.technodom.kz/p/smartfon-gsm-samsung-galaxy-a17-6-128gb-6-7-50-seriy-294024,smartphones,0 - 0 - 24 Смартфон Samsung Galaxy A17 6/128GB/6.7/50 Серый 5 (18) 109 890 ₸ до + 5 494 бонусов 9 158 ₸ x 12 мес В корзину Самовывоз сегодня Доставка завтра
Samsung Galaxy S25 12/128GB Silver Shadow,5.0,50,369890,https://www.technodom.kz/p/smartfon-gsm-samsung-galaxy-s25-121286250-silver-shadow-sm-s931bzsbskz-288444,smartphones,0 - 0 - 24 -31% Смартфон Samsung Galaxy S25 12/128GB Silver Shadow 5 (50) 369 890 ₸ 539 890 ₸ до + 18 494 бонусов 30 825 ₸ x 12 мес В корзину Самовывоз сегодня Доставка завтра
HONOR X6c 6/128/6.7/50 Ocean Cyan,5.0,40,74990,https://www.technodom.kz/p/smartfon-gsm-honor-x6c-6-128-6-7-50-ocean-cyan-291804,smartphones,0 - 0 - 24 -6% Смартфон HONOR X6c 6/128/6.7/50 Ocean Cyan 5 (40) 74 990 ₸ 79 990 ₸ до + 3 749 бонусов 6 250 ₸ x 12 мес В корзину Самовывоз сегодня Доставка завтра
Huawei Nova Y73 8/256Gb Черный,4.6,12,99890,https://www.technodom.kz/p/smartfon-huawei-nova-y73-8256gb-chernyj-291941,smartphones,0 - 0 - 24 Смартфон Huawei Nova Y73 8/256Gb Черный 4.6 (12) 99 890 ₸ до + 4 994 бонусов 8 325 ₸ x 12 мес В корзину Самовывоз сегодня Доставка завтра
"HONOR X7d 6/128/6,7/108 Velvet Black",5.0,13,99990,https://www.technodom.kz/p/smartfon-honor-x7d-612867108-velvet-black,smartphones,"0 - 0 - 24 -9% Смартфон HONOR X7d 6/128/6,7/108 Velvet Black 5 (13) 99 990 ₸ 109 990 ₸ до + 4 999 бонусов 8 333 ₸ x 12 мес В корзину Самовывоз сегодня Доставка завтра"
Samsung Galaxy A17 8/256GB/6.7/50 Черный,5.0,18,129890,https://www.technodom.kz/p/smartfon-gsm-samsung-galaxy-a17-8-256gb-6-7-50-cherniy-294026,smartphones,0 - 0 - 24 Смартфон Samsung Galaxy A17 8/256GB/6.7/50 Черный 5 (18) 129 890 ₸ до + 6 494 бонусов 10 825 ₸ x 12 мес В корзину Самовывоз сегодня Доставка завтра
HONOR 400 8/256Gb Полночный черный,4.8,52,249990,https://www.technodom.kz/p/smartfon-gsm-honor-400-8-256gb-polnochniy-cherniy-291175,smartphones,0 - 0 - 24 + подарок Смартфон HONOR 400 8/256Gb Полночный черный 4.8 (52) 249 990 ₸ до + 12 499 бонусов 20 833 ₸ x 12 мес В корзину Самовывоз сегодня Доставка завтра
Samsung Galaxy S25 Ultra 12/512GB Titanium Black,5.0,53,729890,https://www.technodom.kz/p/smartfon-samsung-galaxy-s25-ultra-12512gb-titanium-black-288459,smartphones,0 - 0 - 24 -19% Смартфон Samsung Galaxy S25 Ultra 12/512GB Titanium Black 5 (53) 729 890 ₸ 899 890 ₸ до + 36 494 бонусов 60 825 ₸ x 12 мес В корзину Самовывоз сегодня Доставка завтра
"HONOR X9d 12/256/6,7/108 Sunrise Gold",4.9,34,229990,https://www.technodom.kz/p/smartfon-honor-x9d-1225667108-sunrise-gold-293695,smartphones,"0 - 0 - 24 + подарок Смартфон HONOR X9d 12/256/6,7/108 Sunrise Gold 4.9 (34) 229 990 ₸ до + 11 499 бонусов 19 166 ₸ x 12 мес В корзину Самовывоз сегодня Доставка завтра"
Vivo V50 Lite 5G 12/256GB Phantom Black,5.0,13,199990,https://www.technodom.kz/p/smartfon-vivo-v50-lite-5g-12256gb-phantom-black-291137,smartphones,0 - 0 - 24 + подарок Смартфон Vivo V50 Lite 5G 12/256GB Phantom Black 5 (13) 199 990 ₸ до + 9 999 бонусов 16 666 ₸ x 12 мес В корзину Самовывоз сегодня Доставка завтра
"HONOR X7d 8/256/6,7/108 Velvet Black",5.0,13,119990,https://www.technodom.kz/p/smartfon-honor-x7d-825667108-velvet-black-293699,smartphones,"0 - 0 - 24 -8% Смартфон HONOR X7d 8/256/6,7/108 Velvet Black 5 (13) 119 990 ₸ 129 990 ₸ до + 5 999 бонусов 10 000 ₸ x 12 мес В корзину Самовывоз сегодня Доставка завтра"
Samsung Galaxy S25 Ultra 12/256GB Titanium Black,5.0,53,659890,https://www.technodom.kz/p/smartfon-samsung-galaxy-s25-ultra-12256gb-titanium-black-288458,smartphones,0 - 0 - 24 -20% Смартфон Samsung Galaxy S25 Ultra 12/256GB Titanium Black 5 (53) 659 890 ₸ 829 890 ₸ до + 32 994 бонусов от 21 350 ₸ x 60 мес В корзину Самовывоз сегодня Доставка завтра
Vivo Y04 4/256GB Green,5.0,15,84990,https://www.technodom.kz/p/smartfon-vivo-y04-4256gb-green-291223,smartphones,0 - 0 - 24 Смартфон Vivo Y04 4/256GB Green 5 (15) 84 990 ₸ до + 4 249 бонусов 7 083 ₸ x 12 мес В корзину Самовывоз сегодня Доставка завтра
Apple iPhone 16 8/256GB Ultramarine,5.0,138,559990,https://www.technodom.kz/p/smartfon-apple-iphone-16-256gb-ultramarine-284611,smartphones,0 - 0 - 24 -8% Смартфон Apple iPhone 16 8/256GB Ultramarine 5 (138) 559 990 ₸ 609 990 ₸ 46 666 ₸ x 12 мес В корзину Самовывоз сегодня Доставка завтра
Samsung Galaxy S25 Ultra 12/256GB Titanium Gray,5.0,53,659890,https://www.technodom.kz/p/smartfon-samsung-galaxy-s25-ultra-12256gb-titanium-gray-288462,smartphones,0 - 0 - 24 -20% Смартфон Samsung Galaxy S25 Ultra 12/256GB Titanium Gray 5 (53) 659 890 ₸ 829 890 ₸ до + 32 994 бонусов 54 991 ₸ x 12 мес В корзину Самовывоз сегодня Доставка завтра
"HONOR X7d 6/128/6,7/108 Meteor Silver",5.0,13,99990,https://www.technodom.kz/p/smartfon-honor-x7d-612867108-meteor-silver-293703,smartphones,"0 - 0 - 24 -9% Смартфон HONOR X7d 6/128/6,7/108 Meteor Silver 5 (13) 99 990 ₸ 109 990 ₸ до + 4 999 бонусов 8 333 ₸ x 12 мес В корзину Самовывоз сегодня Доставка завтра"
Vivo Y19s Pro 6/256GB Black,4.0,3,99990,https://www.technodom.kz/p/smartfon-vivo-y19s-pro-6256gb-black-291225,smartphones,0 - 0 - 24 -9% Смартфон Vivo Y19s Pro 6/256GB Black 4 (3) 99 990 ₸ 109 990 ₸ до + 4 999 бонусов 8 333 ₸ x 12 мес В корзину Самовывоз сегодня Доставка завтра
Samsung Galaxy A36 8/256GB Awesome White,4.9,75,189990,https://www.technodom.kz/p/smartfon-samsung-galaxy-a36-awesome-white-sm-a366ezagskz-289297,smartphones,0 - 0 - 24 -9% Смартфон Samsung Galaxy A36 8/256GB Awesome White 4.9 (75) 189 990 ₸ 209 890 ₸ до + 9 499 бонусов 15 833 ₸ x 12 мес В корзину Самовывоз сегодня Доставка завтра
Samsung Galaxy A36 8/128GB Awesome Lavender,4.9,75,169990,https://www.technodom.kz/p/smartfon-gsm-samsung-galaxy-a36-81286750-awesome-lavender-sm-a366elvdskz-289294,smartphones,0 - 0 - 24 -10% Смартфон Samsung Galaxy A36 8/128GB Awesome Lavender 4.9 (75) 169 990 ₸ 189 890 ₸ до + 8 499 бонусов 14 166 ₸ x 12 мес В корзину Самовывоз сегодня Доставка завтра
"HONOR X5C Plus 4/128/6,7/50 Ocean Cyan",5.0,6,59990,https://www.technodom.kz/p/smartfon-honor-x5c-plus-41286750-ocean-cyan-293706,smartphones,"0 - 0 - 24 -14% Смартфон HONOR X5C Plus 4/128/6,7/50 Ocean Cyan 5 (6) 59 990 ₸ 69 990 ₸ до + 2 999 бонусов 5 000 ₸ x 12 мес В корзину Самовывоз сегодня Доставка завтра"
GSM HONOR X6c 6/256/6.7/50 Midnight Black,5.0,40,84990,https://www.technodom.kz/p/smartfon-gsm-honor-x6c-6-256-6-7-50-midnight-black-291801,smartphones,0 - 0 - 24 -6% Смартфон GSM HONOR X6c 6/256/6.7/50 Midnight Black 5 (40) 84 990 ₸ 89 990 ₸ до + 4 249 бонусов 7 083 ₸ x 12 мес В корзину Самовывоз сегодня Доставка завтра
Samsung Galaxy S25 12/256GB Mint,5.0,50,404890,https://www.technodom.kz/p/smartfon-gsm-samsung-galaxy-s25-122566250-mint-sm-s931blgcskz-288443,smartphones,0 - 0 - 24 -30% Смартфон Samsung Galaxy S25 12/256GB Mint 5 (50) 404 890 ₸ 574 890 ₸ до + 20 244 бонусов 33 741 ₸ x 12 мес В корзину Самовывоз сегодня Доставка завтра
Samsung Galaxy S25 12/256GB Icy Blue,5.0,50,404890,https://www.technodom.kz/p/smartfon-gsm-samsung-galaxy-s25-122566250-icy-blue-sm-s931blbcskz-288441,smartphones,0 - 0 - 24 -30% Смартфон Samsung Galaxy S25 12/256GB Icy Blue 5 (50) 404 890 ₸ 574 890 ₸ до + 20 244 бонусов 33 741 ₸ x 12 мес В корзину Самовывоз сегодня Доставка завтра
HONOR X6c 6/256/6.7/50 Ocean Cyan,5.0,40,84990,https://www.technodom.kz/p/smartfon-honor-x6c-6-256-6-7-50-ocean-cyan-291802,smartphones,0 - 0 - 24 -6% Смартфон HONOR X6c 6/256/6.7/50 Ocean Cyan 5 (40) 84 990 ₸ 89 990 ₸ до + 4 249 бонусов 7 083 ₸ x 12 мес В корзину Самовывоз сегодня Доставка завтра
Apple iPhone 16 8/128GB Teal,5.0,138,499990,https://www.technodom.kz/p/smartfon-apple-iphone-16-128gb-teal-284607,smartphones,0 - 0 - 24 -7% Смартфон Apple iPhone 16 8/128GB Teal 5 (138) 499 990 ₸ 534 990 ₸ 41 666 ₸ x 12 мес В корзину Самовывоз сегодня Доставка завтра
Redmi 15C 128GB Midnight Black,5.0,155,59990,https://www.technodom.kz/p/smartfon-gsm-redmi-15c-4-128-6-9-50-midnight-black-292494,smartphones,0 - 0 - 24 -8% Смартфон Redmi 15C 128GB Midnight Black 5 (155) 59 990 ₸ 64 990 ₸ до + 2 999 бонусов от 1 941 ₸ x 60 мес В корзину Самовывоз сегодня На витрине
Samsung Galaxy A17 8/256GB/6.7/50 Серый,5.0,18,129890,https://www.technodom.kz/p/smartfon-gsm-samsung-galaxy-a17-8-256gb-6-7-50-seriy-294027,smartphones,0 - 0 - 24 Смартфон Samsung Galaxy A17 8/256GB/6.7/50 Серый 5 (18) 129 890 ₸ до + 6 494 бонусов 10 825 ₸ x 12 мес В корзину Самовывоз сегодня Доставка завтра
"OPPO A5i 4/128/6,7/8 Nebula Red",5.0,3,89990,https://www.technodom.kz/p/smartfon-oppo-a5i-4128678-nebula-red-291938,smartphones,"0 - 0 - 24 + подарок Смартфон OPPO A5i 4/128/6,7/8 Nebula Red 5 (3) 89 990 ₸ до + 4 499 бонусов 7 500 ₸ x 12 мес В корзину Самовывоз сегодня Доставка завтра"
Apple iPhone 16 8/256GB Teal,5.0,138,559990,https://www.technodom.kz/p/smartfon-apple-iphone-16-256gb-teal-284612,smartphones,0 - 0 - 24 -8% Смартфон Apple iPhone 16 8/256GB Teal 5 (138) 559 990 ₸ 609 990 ₸ от 18 118 ₸ x 60 мес В корзину Самовывоз сегодня На витрине
Samsung Galaxy S25 Ultra 12/256GB Titanium Blue,5.0,53,659890,https://www.technodom.kz/p/smartfon-samsung-galaxy-s25-ultra-12256gb-titanium-blue-288456,smartphones,0 - 0 - 24 -20% Смартфон Samsung Galaxy S25 Ultra 12/256GB Titanium Blue 5 (53) 659 890 ₸ 829 890 ₸ до + 32 994 бонусов 54 991 ₸ x 12 мес В корзину Самовывоз сегодня Доставка завтра
Samsung Galaxy A56 8/128 Awesome Olive,5.0,187,209990,https://www.technodom.kz/p/smartfon-samsung-galaxy-a56-128-awesome-olive-sm-a566ezgaskz-289304,smartphones,0 - 0 - 24 -9% Смартфон Samsung Galaxy A56 8/128 Awesome Olive 5 (187) 209 990 ₸ 229 890 ₸ до + 10 499 бонусов 17 500 ₸ x 12 мес В корзину Самовывоз сегодня Доставка завтра
Apple iPhone Air 12/256GB/6.5/48 Space Black,4.9,7,764990,https://www.technodom.kz/p/smartfon-gsm-apple-iphone-air-8-256gb-6-5-48-space-black-293888,smartphones,0 - 0 - 24 Смартфон Apple iPhone Air 12/256GB/6.5/48 Space Black 4.9 (7) 764 990 ₸ 63 750 ₸ x 12 мес В корзину Самовывоз сегодня Доставка завтра
Apple iPhone 16 Pro Max 8/256GB Desert Titanium,4.8,165,799990,https://www.technodom.kz/p/smartfon-apple-iphone-16-pro-max-256gb-desert-titanium-284651,smartphones,0 - 0 - 24 -4% Смартфон Apple iPhone 16 Pro Max 8/256GB Desert Titanium 4.8 (165) 799 990 ₸ 834 990 ₸ от 25 883 ₸ x 60 мес В корзину Самовывоз сегодня На витрине
Samsung Galaxy S25 Ultra 12/256GB Titanium Silver,5.0,53,659890,https://www.technodom.kz/p/smartfon-samsung-galaxy-s25-ultra-12256gb-titanium-silver-288460,smartphones,0 - 0 - 24 -20% Смартфон Samsung Galaxy S25 Ultra 12/256GB Titanium Silver 5 (53) 659 890 ₸ 829 890 ₸ до + 32 994 бонусов 54 991 ₸ x 12 мес В корзину Самовывоз сегодня Доставка завтра
Samsung Galaxy A36 8/128GB Awesome White,4.9,75,169990,https://www.technodom.kz/p/smartfon-samsung-galaxy-a36-awesome-white-sm-a366ezadskz-289296,smartphones,0 - 0 - 24 -10% Смартфон Samsung Galaxy A36 8/128GB Awesome White 4.9 (75) 169 990 ₸ 189 890 ₸ до + 8 499 бонусов 14 166 ₸ x 12 мес В корзину Самовывоз сегодня Доставка завтра
"Samsung Galaxy S25 FE 8/256/6,7/50 Черный",5.0,4,434890,https://www.technodom.kz/p/smartfon-gsm-samsung-galaxy-s25-fe-8-256-6-7-50-cherniy-293825,smartphones,"0 - 0 - 24 Смартфон Samsung Galaxy S25 FE 8/256/6,7/50 Черный 5 (4) 434 890 ₸ до + 21 744 бонусов 36 241 ₸ x 12 мес В корзину Самовывоз сегодня Доставка завтра"
Apple iPhone 16 8/128GB Black,5.0,138,534990,https://www.technodom.kz/p/smartfon-apple-iphone-16-128gb-black-284603,smartphones,0 - 0 - 24 Смартфон Apple iPhone 16 8/128GB Black 5 (138) 534 990 ₸ от 17 309 ₸ x 60 мес В корзину Самовывоз сегодня Доставка завтра
Samsung Galaxy S25 Ultra 12/512GB Titanium Blue,5.0,53,729890,https://www.technodom.kz/p/smartfon-samsung-galaxy-s25-ultra-12512gb-titanium-blue-288457,smartphones,0 - 0 - 24 -19% Смартфон Samsung Galaxy S25 Ultra 12/512GB Titanium Blue 5 (53) 729 890 ₸ 899 890 ₸ до + 36 494 бонусов 60 825 ₸ x 12 мес В корзину Самовывоз сегодня Доставка завтра
"HONOR X5C Plus 4/128/6,7/50 Meteor Silver",5.0,6,59990,https://www.technodom.kz/p/smartfon-honor-x5c-plus-41286750-meteor-silver-293705,smartphones,"0 - 0 - 24 -14% Смартфон HONOR X5C Plus 4/128/6,7/50 Meteor Silver 5 (6) 59 990 ₸ 69 990 ₸ до + 2 999 бонусов 5 000 ₸ x 12 мес В корзину Самовывоз сегодня Доставка завтра"
Samsung Galaxy S25 Ultra 12/512GB Titanium Gray,5.0,53,729890,https://www.technodom.kz/p/smartfon-samsung-galaxy-s25-ultra-12512gb-titanium-gray-288463,smartphones,0 - 0 - 24 -19% Смартфон Samsung Galaxy S25 Ultra 12/512GB Titanium Gray 5 (53) 729 890 ₸ 899 890 ₸ до + 36 494 бонусов 60 825 ₸ x 12 мес В корзину Самовывоз сегодня Доставка завтра
Apple iPhone 16 Pro Max 8/512GB Natural Titanium,4.8,165,969990,https://www.technodom.kz/p/smartfon-apple-iphone-16-pro-max-512gb-natural-titanium-284656,smartphones,0 - 0 - 24 -3% Смартфон Apple iPhone 16 Pro Max 8/512GB Natural Titanium 4.8 (165) 969 990 ₸ 999 990 ₸ от 31 383 ₸ x 60 мес В корзину Самовывоз сегодня На витрине
Apple iPhone 16 8/256GB Black,5.0,138,609990,https://www.technodom.kz/p/smartfon-apple-iphone-16-256gb-black-284608,smartphones,0 - 0 - 24 Смартфон Apple iPhone 16 8/256GB Black 5 (138) 609 990 ₸ от 19 736 ₸ x 60 мес В корзину Самовывоз сегодня Доставка завтра
Apple iPhone 14 6/128GB Blue,4.8,379,299990,https://www.technodom.kz/p/smartfon-gsm-apple-iphone-14-128gb-thx-61-12-5-blue-265273,smartphones,0 - 0 - 24 -22% Смартфон Apple iPhone 14 6/128GB Blue 4.8 (379) 299 990 ₸ 382 990 ₸ от 9 706 ₸ x 60 мес В корзину Самовывоз сегодня На витрине
OPPO A6 Pro 8/256GB/6.6/50 Звёздный синий,5.0,2,199990,https://www.technodom.kz/p/smartfon-gsm-oppo-a6-pro-8-256gb-6-6-50-zvyozdniy-siniy-294041,smartphones,0 - 0 - 24 -9% + подарок Смартфон OPPO A6 Pro 8/256GB/6.6/50 Звёздный синий 5 (2) 199 990 ₸ 219 990 ₸ до + 9 999 бонусов 16 666 ₸ x 12 мес В корзину Самовывоз сегодня Доставка завтра
HONOR 400 Pro 12/512Gb Титановый серый,4.9,21,399990,https://www.technodom.kz/p/smartfon-gsm-honor-400-pro-12-512gb-titanoviy-seriy-291172,smartphones,0 - 0 - 24 + подарок Смартфон HONOR 400 Pro 12/512Gb Титановый серый 4.9 (21) 399 990 ₸ до + 19 999 бонусов 33 333 ₸ x 12 мес В корзину Самовывоз сегодня Доставка завтра
Samsung Galaxy A36 8/256GB Awesome Lavender,4.9,75,189990,https://www.technodom.kz/p/smartfon-samsung-galaxy-a36-awesome-lavender-sm-a366elvgskz-289295,smartphones,0 - 0 - 24 -9% Смартфон Samsung Galaxy A36 8/256GB Awesome Lavender 4.9 (75) 189 990 ₸ 209 890 ₸ до + 9 499 бонусов 15 833 ₸ x 12 мес В корзину Самовывоз сегодня Доставка завтра
Apple iPhone 16 8/256GB Pink,5.0,138,559990,https://www.technodom.kz/p/smartfon-apple-iphone-16-256gb-pink-284610,smartphones,0 - 0 - 24 -8% Смартфон Apple iPhone 16 8/256GB Pink 5 (138) 559 990 ₸ 609 990 ₸ от 18 118 ₸ x 60 мес В корзину Самовывоз сегодня На витрине
"HONOR X7d 8/256/6,7/108 Desert Gold",5.0,13,119990,https://www.technodom.kz/p/smartfon-honor-x7d-825667108-desert-gold-293701,smartphones,"0 - 0 - 24 -8% Смартфон HONOR X7d 8/256/6,7/108 Desert Gold 5 (13) 119 990 ₸ 129 990 ₸ до + 5 999 бонусов 10 000 ₸ x 12 мес В корзину Самовывоз сегодня Доставка завтра"
Samsung Galaxy S25 Ultra 12/512GB Titanium Silver,5.0,53,729890,https://www.technodom.kz/p/smartfon-samsung-galaxy-s25-ultra-12512gb-titanium-silver-288461,smartphones,0 - 0 - 24 -19% Смартфон Samsung Galaxy S25 Ultra 12/512GB Titanium Silver 5 (53) 729 890 ₸ 899 890 ₸ до + 36 494 бонусов 60 825 ₸ x 12 мес В корзину Самовывоз сегодня Доставка завтра
"HONOR X7d 8/256/6,7/108 Meteor Silver",5.0,13,119990,https://www.technodom.kz/p/smartfon-honor-x7d-825667108-meteor-silver-293700,smartphones,"0 - 0 - 24 -8% Смартфон HONOR X7d 8/256/6,7/108 Meteor Silver 5 (13) 119 990 ₸ 129 990 ₸ до + 5 999 бонусов 10 000 ₸ x 12 мес В корзину Самовывоз сегодня Доставка завтра"
Samsung Galaxy A26 6/128GB White,4.9,84,134990,https://www.technodom.kz/p/smartfon-gsm-samsung-galaxy-a26-8-128-6-7-50-white-sm-a266bzwdskz-289290,smartphones,0 - 0 - 24 Смартфон Samsung Galaxy A26 6/128GB White 4.9 (84) 134 990 ₸ до + 6 749 бонусов 11 250 ₸ x 12 мес В корзину Самовывоз сегодня Доставка завтра
Samsung Galaxy A07 4/64 Light Violet,5.0,24,64990,https://www.technodom.kz/p/smartfon-gsm-samsung-galaxy-a07-4-64-6-7-5-light-violet-sm-a075flvdskz-293253,smartphones,0 - 0 - 24 Смартфон Samsung Galaxy A07 4/64 Light Violet 5 (24) 64 990 ₸ до + 3 249 бонусов 5 416 ₸ x 12 мес В корзину Самовывоз сегодня Доставка завтра
Samsung Galaxy A26 8/256GB White,4.9,84,154990,https://www.technodom.kz/p/smartfon-gsm-samsung-galaxy-a26-8-256-6-7-50-white-sm-a266bzwhskz-289291,smartphones,0 - 0 - 24 Смартфон Samsung Galaxy A26 8/256GB White 4.9 (84) 154 990 ₸ до + 7 749 бонусов 12 916 ₸ x 12 мес В корзину Самовывоз сегодня Доставка завтра
"Oppo A5i 4/64GB/6,7/8 Туманно-красный",5.0,3,64990,https://www.technodom.kz/p/smartfon-gsm-oppo-a5i-4-64gb-6-7-8-tumanno-krasniy-295055,smartphones,"0 - 0 - 24 -7% Смартфон Oppo A5i 4/64GB/6,7/8 Туманно-красный 5 (3) 64 990 ₸ 69 990 ₸ до + 3 249 бонусов 5 416 ₸ x 12 мес В корзину Самовывоз сегодня Доставка завтра"
Honor X8c 8/256Gb Полуночно-черный,4.8,29,154990,https://www.technodom.kz/p/smartfon-honor-x8c-8256gb-polunochno-chernyy-288317,smartphones,0 - 0 - 24 -3% Смартфон Honor X8c 8/256Gb Полуночно-черный 4.8 (29) 154 990 ₸ 159 990 ₸ до + 7 749 бонусов 12 916 ₸ x 12 мес В корзину Самовывоз сегодня Доставка завтра
HONOR 400 8/256Gb Пустынный золотой,4.8,52,249990,https://www.technodom.kz/p/smartfon-gsm-honor-400-8-256gb-pustynniy-zolotoy-291177,smartphones,0 - 0 - 24 + подарок Смартфон HONOR 400 8/256Gb Пустынный золотой 4.8 (52) 249 990 ₸ до + 12 499 бонусов 20 833 ₸ x 12 мес В корзину Самовывоз сегодня Доставка завтра
HONOR 400 12/512Gb Полночный черный,4.8,52,289990,https://www.technodom.kz/p/smartfon-gsm-honor-400-12-512gb-polnochniy-cherniy-291173,smartphones,0 - 0 - 24 + подарок Смартфон HONOR 400 12/512Gb Полночный черный 4.8 (52) 289 990 ₸ до + 14 499 бонусов 24 166 ₸ x 12 мес В корзину Самовывоз сегодня Доставка завтра
Huawei Nova Y73 8/256Gb Голубой,4.6,12,99890,https://www.technodom.kz/p/smartfon-huawei-nova-y73-8256gb-goluboj-291942,smartphones,0 - 0 - 24 Смартфон Huawei Nova Y73 8/256Gb Голубой 4.6 (12) 99 890 ₸ до + 4 994 бонусов 8 325 ₸ x 12 мес В корзину Самовывоз сегодня Доставка завтра
Samsung Galaxy S25 12/128GB Icy Blue,5.0,50,369890,https://www.technodom.kz/p/smartfon-gsm-samsung-galaxy-s25-121286250-icy-blue-sm-s931blbbskz-288440,smartphones,0 - 0 - 24 -31% Смартфон Samsung Galaxy S25 12/128GB Icy Blue 5 (50) 369 890 ₸ 539 890 ₸ до + 18 494 бонусов 30 825 ₸ x 12 мес В корзину Самовывоз сегодня Доставка завтра
Vivo Y29 8/128/6.7/50 Brown,5.0,8,119990,https://www.technodom.kz/p/smartfon-gsm-vivo-y29-8-128-6-7-50-brown-291831,smartphones,0 - 0 - 24 Смартфон Vivo Y29 8/128/6.7/50 Brown 5 (8) 119 990 ₸ до + 5 999 бонусов 10 000 ₸ x 12 мес В корзину Самовывоз сегодня Доставка завтра
Samsung SM-S921BZY4SKZ THX-6.2-50-5 Galaxy S24 5G 128GB Yellow Demo Нет отзывов 229 890 ₸ 399 890 ₸ до + 16 494 бонусов от 10 673 ₸ x 60 мес В корзину Самовывоз сегодня Доставка завтра,0.0,0,229890,https://www.technodom.kz/p/smartfon-gsm-samsung-sm-s921bzy4skz-thx-6-2-50-5-galaxy-s24-5g-128gb-yellow-demo-277399,smartphones,С витрины 0 - 0 - 24 -43% Смартфон Samsung SM-S921BZY4SKZ THX-6.2-50-5 Galaxy S24 5G 128GB Yellow Demo Нет отзывов 229 890 ₸ 399 890 ₸ до + 16 494 бонусов от 10 673 ₸ x 60 мес В корзину Самовывоз сегодня Доставка завтра
HONOR 400 Pro 12/512Gb Полночный черный,4.9,21,399990,https://www.technodom.kz/p/smartfon-gsm-honor-400-pro-12-512gb-polnochniy-cherniy-291171,smartphones,0 - 0 - 24 + подарок Смартфон HONOR 400 Pro 12/512Gb Полночный черный 4.9 (21) 399 990 ₸ до + 19 999 бонусов 33 333 ₸ x 12 мес В корзину Самовывоз сегодня Доставка завтра
Apple iPhone 16 8/128GB Pink,5.0,138,499990,https://www.technodom.kz/p/smartfon-apple-iphone-16-128gb-pink-284605,smartphones,0 - 0 - 24 -7% Смартфон Apple iPhone 16 8/128GB Pink 5 (138) 499 990 ₸ 534 990 ₸ от 16 177 ₸ x 60 мес В корзину Самовывоз сегодня На витрине
Huawei Mate 70 Pro 12/512Gb Черный,5.0,8,399890,https://www.technodom.kz/p/smartfon-gsm-huawei-mate-70-pro-12-512gb-cherniy-290751,smartphones,0 - 0 - 24 -38% Смартфон Huawei Mate 70 Pro 12/512Gb Черный 5 (8) 399 890 ₸ 639 990 ₸ до + 19 994 бонусов 33 325 ₸ x 12 мес В корзину Самовывоз сегодня Доставка завтра
Huawei Nova Y63 4/128Gb Черный,4.9,9,74890,https://www.technodom.kz/p/smartfon-gsm-huawei-nova-y63-4-128gb-cherniy-290749,smartphones,0 - 0 - 24 -6% Смартфон Huawei Nova Y63 4/128Gb Черный 4.9 (9) 74 890 ₸ 79 890 ₸ до + 3 744 бонусов 6 241 ₸ x 12 мес В корзину Самовывоз сегодня Доставка завтра
Vivo Y04 4/256GB Gold,5.0,15,84990,https://www.technodom.kz/p/smartfon-vivo-y04-4256gb-gold-291224,smartphones,0 - 0 - 24 Смартфон Vivo Y04 4/256GB Gold 5 (15) 84 990 ₸ до + 4 249 бонусов 7 083 ₸ x 12 мес В корзину Самовывоз сегодня Доставка завтра
Vivo Y21d 6/256GB/6.7/50 Черный,5.0,2,124990,https://www.technodom.kz/p/smartfon-gsm-vivo-y21d-6-256gb-6-7-50-cherniy-294432,smartphones,0 - 0 - 24 Смартфон Vivo Y21d 6/256GB/6.7/50 Черный 5 (2) 124 990 ₸ до + 6 249 бонусов 10 416 ₸ x 12 мес В корзину Самовывоз сегодня Доставка завтра
Apple iPhone 16 8/128GB Ultramarine,5.0,138,499990,https://www.technodom.kz/p/smartfon-apple-iphone-16-128gb-ultramarine-284606,smartphones,0 - 0 - 24 -7% Смартфон Apple iPhone 16 8/128GB Ultramarine 5 (138) 499 990 ₸ 534 990 ₸ от 16 177 ₸ x 60 мес В корзину Самовывоз сегодня На витрине
OPPO A5 8/256/6.7/50 Aurora Green,4.2,7,129990,https://www.technodom.kz/p/smartfon-oppo-a5-82566750-aurora-green-291761,smartphones,0 - 0 - 24 + подарок Смартфон OPPO A5 8/256/6.7/50 Aurora Green 4.2 (7) 129 990 ₸ до + 6 499 бонусов 10 833 ₸ x 12 мес В корзину Самовывоз сегодня Доставка завтра
"Samsung Galaxy S25 FE 8/128/6,7/50 Черный",5.0,4,399890,https://www.technodom.kz/p/smartfon-gsm-samsung-galaxy-s25-fe-8-128-6-7-50-cherniy-293824,smartphones,"0 - 0 - 24 Смартфон Samsung Galaxy S25 FE 8/128/6,7/50 Черный 5 (4) 399 890 ₸ до + 19 994 бонусов 33 325 ₸ x 12 мес В корзину Самовывоз сегодня Доставка завтра"
Vivo X200 16/512GB Black,5.0,1,499990,https://www.technodom.kz/p/smartfon-vivo-x200-512gb-grey-289712,smartphones,0 - 0 - 24 -9% + подарок Смартфон Vivo X200 16/512GB Black 5 (1) 499 990 ₸ 549 990 ₸ до + 24 999 бонусов 41 666 ₸ x 12 мес В корзину Самовывоз сегодня Доставка завтра
OPPO A5 6/128/6.7/50 Aurora Green,4.2,7,109990,https://www.technodom.kz/p/smartfon-oppo-a5-61286750-aurora-green-291759,smartphones,0 - 0 - 24 + подарок Смартфон OPPO A5 6/128/6.7/50 Aurora Green 4.2 (7) 109 990 ₸ до + 5 499 бонусов 9 166 ₸ x 12 мес В корзину Самовывоз сегодня Доставка завтра
Samsung Galaxy A26 6/128GB Mint,4.9,84,134990,https://www.technodom.kz/p/smartfon-gsm-samsung-galaxy-a26-8-128-6-7-50-mint-sm-a266blgdskz-289286,smartphones,0 - 0 - 24 Смартфон Samsung Galaxy A26 6/128GB Mint 4.9 (84) 134 990 ₸ до + 6 749 бонусов 11 250 ₸ x 12 мес В корзину Самовывоз сегодня Доставка завтра
HUAWEI Pura 80 12/256GB Black,5.0,2,349890,https://www.technodom.kz/p/smartfon-huawei-pura-80-12256gb-black-292512,smartphones,0 - 0 - 24 -22% Смартфон HUAWEI Pura 80 12/256GB Black 5 (2) 349 890 ₸ 449 990 ₸ до + 17 494 бонусов 29 158 ₸ x 12 мес В корзину Самовывоз сегодня Доставка завтра
"Samsung Galaxy S25 FE 8/256/6,7/50 Синий",5.0,4,434890,https://www.technodom.kz/p/smartfon-gsm-samsung-galaxy-s25-fe-8-256-6-7-50-siniy-293821,smartphones,"0 - 0 - 24 Смартфон Samsung Galaxy S25 FE 8/256/6,7/50 Синий 5 (4) 434 890 ₸ до + 21 744 бонусов 36 241 ₸ x 12 мес В корзину Самовывоз сегодня Доставка завтра"
"HONOR X9d 8/256/6,7/108 Sunrise Gold",4.9,34,219990,https://www.technodom.kz/p/smartfon-honor-x9d-825667108-sunrise-gold-293697,smartphones,"0 - 0 - 24 + подарок Смартфон HONOR X9d 8/256/6,7/108 Sunrise Gold 4.9 (34) 219 990 ₸ до + 10 999 бонусов 18 333 ₸ x 12 мес В корзину Самовывоз сегодня Доставка завтра"
Samsung Galaxy S25+ 256GB Navy,5.0,21,524890,https://www.technodom.kz/p/smartfon-gsm-samsung-galaxy-s25-12-256-6-7-50-navy-sm-s936bdbbskz-288447,smartphones,Trade-in 0 - 0 - 24 -21% Смартфон Samsung Galaxy S25+ 256GB Navy 5 (21) 524 890 ₸ 664 890 ₸ до + 26 244 бонусов от 16 982 ₸ x 60 мес В корзину Самовывоз сегодня На витрине
Samsung Galaxy A26 8/256GB Mint,4.9,84,154990,https://www.technodom.kz/p/smartfon-gsm-samsung-galaxy-a26-8-256-6-7-50-mint-sm-a266blghskz-289287,smartphones,0 - 0 - 24 Смартфон Samsung Galaxy A26 8/256GB Mint 4.9 (84) 154 990 ₸ до + 7 749 бонусов 12 916 ₸ x 12 мес В корзину Самовывоз сегодня Доставка завтра
"Vivo Y04 4/64/6,7/13 Green",5.0,15,64990,https://www.technodom.kz/p/smartfon-vivo-y04-4646713-green-293627,smartphones,"0 - 0 - 24 Смартфон Vivo Y04 4/64/6,7/13 Green 5 (15) 64 990 ₸ до + 3 249 бонусов 5 416 ₸ x 12 мес В корзину Самовывоз сегодня Доставка завтра"
